,Date,Berkeley_Temperature,CRU_Temperature,NASA_Temperature,NOAA_Temperature
0,1850-01-01,-0.38,-0.734,,-1.046
1,1850-02-01,-0.186,-0.36,,-0.777
2,1850-03-01,-0.22,-0.627,,-0.853
3,1850-04-01,-0.738,-0.605,,-0.99
4,1850-05-01,-0.276,-0.532,,-0.839
5,1850-06-01,-0.239,-0.352,,-0.62
6,1850-07-01,-0.16,-0.176,,-0.532
7,1850-08-01,-0.17,-0.223,,-0.607
8,1850-09-01,-0.253,-0.394,,-0.687
9,1850-10-01,-0.161,-0.516,,-0.813
10,1850-11-01,-0.102,-0.277,,-0.734
11,1850-12-01,-0.483,-0.322,,-0.641
12,1851-01-01,-0.408,-0.266,,-0.771
13,1851-02-01,-0.304,-0.467,,-0.732
14,1851-03-01,-0.332,-0.641,,-0.882
15,1851-04-01,-0.596,-0.528,,-0.944
16,1851-05-01,-0.254,-0.222,,-0.777
17,1851-06-01,-0.129,-0.207,,-0.583
18,1851-07-01,-0.096,-0.136,,-0.433
19,1851-08-01,-0.283,-0.148,,-0.409
20,1851-09-01,-0.16,-0.146,,-0.611
21,1851-10-01,-0.079,-0.045,,-0.568
22,1851-11-01,-0.153,-0.108,,-0.642
23,1851-12-01,-0.159,-0.248,,-0.625
24,1852-01-01,-0.304,-0.346,,-0.669
25,1852-02-01,-0.299,-0.496,,-0.861
26,1852-03-01,-0.506,-0.567,,-0.954
27,1852-04-01,-0.445,-0.575,,-0.806
28,1852-05-01,-0.149,-0.113,,-0.645
29,1852-06-01,-0.147,-0.077,,-0.426
30,1852-07-01,-0.049,0.009,,-0.502
31,1852-08-01,-0.149,-0.149,,-0.528
32,1852-09-01,-0.063,-0.006,,-0.487
33,1852-10-01,-0.129,-0.158,,-0.566
34,1852-11-01,0.033,-0.275,,-0.638
35,1852-12-01,-0.278,0.064,,-0.531
36,1853-01-01,-0.396,-0.204,,-0.778
37,1853-02-01,-0.158,-0.399,,-0.838
38,1853-03-01,-0.237,-0.273,,-0.827
39,1853-04-01,-0.109,-0.401,,-0.853
40,1853-05-01,-0.212,-0.27,,-0.624
41,1853-06-01,-0.078,-0.124,,-0.521
42,1853-07-01,-0.062,-0.072,,-0.404
43,1853-08-01,-0.187,-0.04,,-0.572
44,1853-09-01,-0.209,-0.266,,-0.695
45,1853-10-01,-0.312,-0.373,,-0.706
46,1853-11-01,-0.44,-0.401,,-0.737
47,1853-12-01,-0.165,-0.326,,-0.643
48,1854-01-01,-0.425,-0.403,,-0.824
49,1854-02-01,-0.441,-0.392,,-0.74
50,1854-03-01,-0.139,-0.247,,-0.726
51,1854-04-01,-0.151,-0.327,,-0.693
52,1854-05-01,-0.438,-0.277,,-0.656
53,1854-06-01,-0.272,-0.302,,-0.578
54,1854-07-01,-0.171,-0.162,,-0.596
55,1854-08-01,-0.049,-0.233,,-0.624
56,1854-09-01,-0.051,-0.216,,-0.603
57,1854-10-01,-0.105,-0.099,,-0.561
58,1854-11-01,-0.088,-0.412,,-0.618
59,1854-12-01,-0.188,-0.454,,-0.641
60,1855-01-01,-0.215,-0.17,,-0.698
61,1855-02-01,0.043,-0.313,,-0.716
62,1855-03-01,0.006,-0.345,,-0.686
63,1855-04-01,-0.089,-0.211,,-0.74
64,1855-05-01,-0.18,-0.368,,-0.695
65,1855-06-01,-0.125,-0.333,,-0.616
66,1855-07-01,-0.305,-0.315,,-0.734
67,1855-08-01,-0.124,-0.202,,-0.625
68,1855-09-01,-0.151,-0.259,,-0.744
69,1855-10-01,-0.033,-0.2,,-0.624
70,1855-11-01,-0.198,-0.374,,-0.702
71,1855-12-01,-0.29,-0.408,,-0.655
72,1856-01-01,-0.236,-0.083,,-0.431
73,1856-02-01,-0.209,-0.347,,-0.627
74,1856-03-01,-0.092,-0.371,,-0.733
75,1856-04-01,-0.467,-0.314,,-0.881
76,1856-05-01,-0.186,-0.293,,-0.751
77,1856-06-01,-0.155,-0.225,,-0.64
78,1856-07-01,-0.168,-0.223,,-0.698
79,1856-08-01,-0.345,-0.249,,-0.87
80,1856-09-01,-0.44,-0.402,,-0.823
81,1856-10-01,-0.296,-0.446,,-0.966
82,1856-11-01,-0.354,-0.561,,-0.781
83,1856-12-01,-0.677,-0.423,,-0.67
84,1857-01-01,-0.508,-0.494,,-0.718
85,1857-02-01,-0.53,-0.442,,-0.959
86,1857-03-01,-0.533,-0.488,,-0.82
87,1857-04-01,-0.607,-0.675,,-0.922
88,1857-05-01,-0.386,-0.654,,-0.958
89,1857-06-01,-0.338,-0.291,,-0.724
90,1857-07-01,-0.414,-0.404,,-0.739
91,1857-08-01,-0.338,-0.356,,-0.768
92,1857-09-01,-0.305,-0.368,,-0.827
93,1857-10-01,-0.259,-0.467,,-0.857
94,1857-11-01,-0.291,-0.662,,-0.762
95,1857-12-01,-0.245,-0.289,,-0.612
96,1858-01-01,-0.541,-0.336,,-0.749
97,1858-02-01,-0.333,-0.488,,-0.79
98,1858-03-01,-0.113,-0.566,,-0.733
99,1858-04-01,-0.363,-0.43,,-0.843
100,1858-05-01,-0.444,-0.523,,-0.851
101,1858-06-01,-0.383,-0.36,,-0.687
102,1858-07-01,-0.257,-0.341,,-0.671
103,1858-08-01,-0.266,-0.288,,-0.596
104,1858-09-01,-0.366,-0.28,,-0.829
105,1858-10-01,-0.254,-0.292,,-0.664
106,1858-11-01,-0.411,-0.404,,-0.804
107,1858-12-01,-0.45,-0.455,,-0.849
108,1859-01-01,-0.544,-0.405,,-0.771
109,1859-02-01,-0.394,-0.351,,-0.693
110,1859-03-01,-0.344,-0.322,,-0.714
111,1859-04-01,-0.111,-0.189,,-0.673
112,1859-05-01,-0.071,-0.17,,-0.543
113,1859-06-01,-0.053,-0.24,,-0.637
114,1859-07-01,-0.383,-0.29,,-0.851
115,1859-08-01,-0.213,-0.266,,-0.544
116,1859-09-01,-0.472,-0.401,,-0.837
117,1859-10-01,-0.18,-0.247,,-0.788
118,1859-11-01,-0.27,-0.31,,-0.672
119,1859-12-01,-0.427,-0.311,,-0.43
120,1860-01-01,-0.289,-0.39,,-0.79
121,1860-02-01,-0.212,-0.478,,-0.815
122,1860-03-01,-0.106,-0.789,,-0.964
123,1860-04-01,-0.121,-0.31,,-0.856
124,1860-05-01,-0.105,-0.371,,-0.768
125,1860-06-01,-0.21,-0.213,,-0.758
126,1860-07-01,-0.297,-0.211,,-0.782
127,1860-08-01,-0.393,-0.137,,-0.641
128,1860-09-01,-0.199,-0.177,,-0.689
129,1860-10-01,-0.246,-0.391,,-0.949
130,1860-11-01,-0.241,-0.622,,-0.787
131,1860-12-01,-0.446,-0.797,,-0.998
132,1861-01-01,-0.321,-0.905,,-1.057
133,1861-02-01,-0.783,-0.681,,-1.209
134,1861-03-01,-0.296,-0.422,,-0.852
135,1861-04-01,0.008,-0.396,,-0.845
136,1861-05-01,-0.315,-0.697,,-0.998
137,1861-06-01,-0.155,-0.272,,-0.803
138,1861-07-01,-0.277,-0.349,,-0.74
139,1861-08-01,-0.26,-0.098,,-0.826
140,1861-09-01,-0.207,-0.334,,-0.804
141,1861-10-01,-0.372,-0.516,,-0.783
142,1861-11-01,0.018,-0.488,,-0.665
143,1861-12-01,-0.546,-0.408,,-0.749
144,1862-01-01,-0.62,-0.83,,-1.025
145,1862-02-01,-0.638,-0.797,,-1.046
146,1862-03-01,-0.505,-0.538,,-0.995
147,1862-04-01,-0.364,-0.533,,-0.829
148,1862-05-01,-0.274,-0.345,,-0.847
149,1862-06-01,-0.285,-0.275,,-0.821
150,1862-07-01,-0.377,-0.356,,-0.826
151,1862-08-01,-0.356,-0.5,,-0.894
152,1862-09-01,-0.272,-0.399,,-0.92
153,1862-10-01,-0.096,-0.501,,-0.946
154,1862-11-01,-0.41,-0.685,,-0.82
155,1862-12-01,-0.733,-0.898,,-1.198
156,1863-01-01,-0.527,-0.087,,-0.774
157,1863-02-01,-0.486,-0.284,,-0.904
158,1863-03-01,-0.238,-0.414,,-0.875
159,1863-04-01,-0.172,-0.336,,-0.783
160,1863-05-01,-0.27,-0.391,,-0.869
161,1863-06-01,-0.431,-0.418,,-0.883
162,1863-07-01,-0.404,-0.357,,-0.894
163,1863-08-01,-0.53,-0.335,,-0.873
164,1863-09-01,-0.503,-0.405,,-0.993
165,1863-10-01,-0.384,-0.561,,-1.006
166,1863-11-01,-0.238,-0.5,,-0.741
167,1863-12-01,-0.245,-0.506,,-0.777
168,1864-01-01,-0.426,-0.825,,-1.01
169,1864-02-01,-0.53,-0.605,,-1.027
170,1864-03-01,-0.47,-0.531,,-0.999
171,1864-04-01,-0.559,-0.557,,-0.799
172,1864-05-01,-0.266,-0.346,,-0.696
173,1864-06-01,-0.113,-0.116,,-0.66
174,1864-07-01,-0.07,-0.287,,-0.69
175,1864-08-01,-0.372,-0.344,,-0.881
176,1864-09-01,-0.267,-0.526,,-0.821
177,1864-10-01,-0.264,-0.672,,-0.865
178,1864-11-01,-0.144,-0.492,,-0.754
179,1864-12-01,-0.305,-0.627,,-0.872
180,1865-01-01,-0.107,-0.23,,-0.475
181,1865-02-01,-0.003,-0.513,,-0.716
182,1865-03-01,-0.024,-0.717,,-0.868
183,1865-04-01,-0.107,-0.545,,-0.856
184,1865-05-01,-0.15,-0.495,,-0.784
185,1865-06-01,-0.044,-0.251,,-0.552
186,1865-07-01,0.213,-0.297,,-0.514
187,1865-08-01,-0.042,-0.247,,-0.57
188,1865-09-01,0.046,-0.233,,-0.545
189,1865-10-01,-0.17,-0.329,,-0.582
190,1865-11-01,-0.054,-0.338,,-0.715
191,1865-12-01,-0.062,-0.513,,-0.669
192,1866-01-01,-0.155,-0.23,,-0.522
193,1866-02-01,-0.179,-0.472,,-0.641
194,1866-03-01,-0.179,-0.748,,-0.772
195,1866-04-01,-0.282,-0.549,,-0.97
196,1866-05-01,-0.64,-0.599,,-0.921
197,1866-06-01,-0.163,-0.13,,-0.571
198,1866-07-01,-0.066,-0.053,,-0.619
199,1866-08-01,-0.13,-0.291,,-0.714
200,1866-09-01,-0.322,-0.462,,-0.65
201,1866-10-01,-0.219,-0.46,,-0.885
202,1866-11-01,0.121,-0.363,,-0.739
203,1866-12-01,0.131,-0.443,,-0.69
204,1867-01-01,-0.291,-0.501,,-0.815
205,1867-02-01,-0.393,-0.408,,-1.118
206,1867-03-01,-0.129,-0.712,,-0.853
207,1867-04-01,-0.337,-0.489,,-1.073
208,1867-05-01,-0.274,-0.616,,-0.906
209,1867-06-01,-0.238,-0.35,,-0.647
210,1867-07-01,-0.311,-0.259,,-0.763
211,1867-08-01,-0.44,-0.325,,-0.749
212,1867-09-01,-0.135,-0.194,,-0.759
213,1867-10-01,-0.162,-0.157,,-0.799
214,1867-11-01,-0.214,-0.291,,-0.605
215,1867-12-01,-0.475,-0.492,,-0.713
216,1868-01-01,-0.257,-0.707,,-0.953
217,1868-02-01,-0.244,-0.711,,-0.749
218,1868-03-01,-0.023,-0.332,,-0.722
219,1868-04-01,0.001,-0.384,,-0.953
220,1868-05-01,-0.031,-0.282,,-0.794
221,1868-06-01,-0.109,-0.298,,-0.73
222,1868-07-01,0.012,-0.047,,-0.641
223,1868-08-01,-0.103,-0.195,,-0.625
224,1868-09-01,-0.042,-0.375,,-0.691
225,1868-10-01,0.154,-0.243,,-0.597
226,1868-11-01,-0.053,-0.451,,-0.825
227,1868-12-01,0.176,-0.335,,-0.541
228,1869-01-01,-0.045,-0.304,,-0.621
229,1869-02-01,0.124,0.137,,-0.483
230,1869-03-01,-0.203,-0.651,,-0.731
231,1869-04-01,-0.031,-0.412,,-0.775
232,1869-05-01,-0.016,-0.311,,-0.543
233,1869-06-01,-0.053,-0.396,,-0.717
234,1869-07-01,-0.223,-0.432,,-0.701
235,1869-08-01,-0.264,-0.178,,-0.655
236,1869-09-01,-0.216,-0.169,,-0.777
237,1869-10-01,-0.308,-0.291,,-0.798
238,1869-11-01,0.041,-0.291,,-0.648
239,1869-12-01,-0.129,-0.525,,-0.786
240,1870-01-01,-0.45,-0.214,,-0.824
241,1870-02-01,-0.209,-0.457,,-0.968
242,1870-03-01,-0.135,-0.495,,-0.862
243,1870-04-01,0.112,-0.357,,-0.863
244,1870-05-01,-0.164,-0.304,,-0.829
245,1870-06-01,-0.186,-0.207,,-0.625
246,1870-07-01,-0.112,-0.083,,-0.56
247,1870-08-01,-0.216,-0.256,,-0.643
248,1870-09-01,-0.362,-0.202,,-0.695
249,1870-10-01,-0.385,-0.428,,-0.835
250,1870-11-01,-0.272,-0.255,,-0.861
251,1870-12-01,-0.439,-0.675,,-0.89
252,1871-01-01,-0.369,-0.591,,-0.942
253,1871-02-01,-0.246,-0.688,,-0.958
254,1871-03-01,-0.042,-0.171,,-0.639
255,1871-04-01,-0.136,-0.222,,-0.708
256,1871-05-01,0.093,-0.348,,-0.801
257,1871-06-01,-0.164,-0.27,,-0.585
258,1871-07-01,-0.081,-0.073,,-0.594
259,1871-08-01,-0.171,-0.324,,-0.713
260,1871-09-01,-0.314,-0.357,,-0.841
261,1871-10-01,-0.269,-0.373,,-0.893
262,1871-11-01,-0.23,-0.542,,-0.91
263,1871-12-01,-0.19,-0.52,,-0.797
264,1872-01-01,-0.211,-0.594,,-0.898
265,1872-02-01,-0.159,-0.627,,-0.83
266,1872-03-01,-0.247,-0.519,,-0.802
267,1872-04-01,-0.294,-0.366,,-0.906
268,1872-05-01,-0.004,-0.121,,-0.707
269,1872-06-01,-0.24,-0.267,,-0.777
270,1872-07-01,-0.101,-0.109,,-0.631
271,1872-08-01,0.038,0.033,,-0.569
272,1872-09-01,-0.047,-0.155,,-0.688
273,1872-10-01,-0.316,-0.174,,-0.792
274,1872-11-01,-0.38,-0.292,,-0.806
275,1872-12-01,-0.234,-0.521,,-0.835
276,1873-01-01,-0.202,-0.237,,-0.818
277,1873-02-01,-0.176,-0.272,,-0.767
278,1873-03-01,-0.118,-0.39,,-1.012
279,1873-04-01,-0.225,-0.462,,-0.973
280,1873-05-01,-0.205,-0.319,,-0.752
281,1873-06-01,-0.281,-0.297,,-0.655
282,1873-07-01,-0.18,-0.158,,-0.665
283,1873-08-01,-0.127,-0.217,,-0.621
284,1873-09-01,-0.305,-0.378,,-0.752
285,1873-10-01,-0.351,-0.377,,-0.701
286,1873-11-01,-0.232,-0.429,,-0.719
287,1873-12-01,-0.099,-0.32,,-0.87
288,1874-01-01,-0.189,-0.182,,-0.778
289,1874-02-01,-0.414,-0.429,,-0.936
290,1874-03-01,-0.47,-0.664,,-1.013
291,1874-04-01,-0.431,-0.422,,-0.94
292,1874-05-01,-0.383,-0.311,,-0.867
293,1874-06-01,-0.54,-0.556,,-0.795
294,1874-07-01,-0.31,-0.171,,-0.707
295,1874-08-01,-0.25,-0.287,,-0.801
296,1874-09-01,-0.178,-0.16,,-0.69
297,1874-10-01,-0.378,-0.467,,-0.852
298,1874-11-01,-0.344,-0.422,,-0.909
299,1874-12-01,-0.253,-0.316,,-0.756
300,1875-01-01,-0.159,-0.576,,-0.745
301,1875-02-01,-0.16,-0.443,,-0.862
302,1875-03-01,-0.312,-0.559,,-0.835
303,1875-04-01,-0.291,-0.34,,-0.853
304,1875-05-01,-0.158,-0.251,,-0.745
305,1875-06-01,-0.3,-0.265,,-0.641
306,1875-07-01,-0.183,-0.181,,-0.691
307,1875-08-01,-0.252,-0.227,,-0.802
308,1875-09-01,-0.117,-0.237,,-0.769
309,1875-10-01,0.004,-0.23,,-0.823
310,1875-11-01,-0.151,-0.507,,-1.011
311,1875-12-01,-0.399,-0.585,,-1.032
312,1876-01-01,-0.29,-0.503,,-0.807
313,1876-02-01,-0.263,-0.328,,-0.991
314,1876-03-01,-0.108,-0.338,,-0.79
315,1876-04-01,-0.305,-0.394,,-0.832
316,1876-05-01,-0.486,-0.548,,-1.006
317,1876-06-01,-0.4,-0.324,,-0.745
318,1876-07-01,-0.07,-0.201,,-0.699
319,1876-08-01,-0.309,-0.326,,-0.822
320,1876-09-01,-0.358,-0.436,,-0.827
321,1876-10-01,-0.087,-0.306,,-0.771
322,1876-11-01,-0.241,-0.601,,-0.932
323,1876-12-01,-0.224,-0.627,,-0.861
324,1877-01-01,-0.066,-0.409,,-0.694
325,1877-02-01,0.109,-0.195,,-0.621
326,1877-03-01,0.048,-0.07,,-0.599
327,1877-04-01,-0.037,-0.316,,-0.694
328,1877-05-01,0.032,-0.403,,-0.721
329,1877-06-01,-0.082,-0.109,,-0.519
330,1877-07-01,0.152,0.017,,-0.397
331,1877-08-01,0.103,0.23,,-0.414
332,1877-09-01,0.05,0.127,,-0.471
333,1877-10-01,0.099,0.125,,-0.361
334,1877-11-01,0.229,0.043,,-0.368
335,1877-12-01,0.282,-0.028,,-0.502
336,1878-01-01,0.06,-0.041,,-0.52
337,1878-02-01,0.179,0.261,,-0.434
338,1878-03-01,0.327,0.403,,-0.279
339,1878-04-01,0.309,0.21,,-0.401
340,1878-05-01,0.013,-0.092,,-0.572
341,1878-06-01,-0.041,0.018,,-0.362
342,1878-07-01,0.142,-0.062,,-0.367
343,1878-08-01,0.02,-0.045,,-0.544
344,1878-09-01,0.008,0.028,,-0.521
345,1878-10-01,-0.045,-0.148,,-0.665
346,1878-11-01,-0.022,-0.119,,-0.685
347,1878-12-01,0.032,-0.29,,-0.672
348,1879-01-01,0.073,-0.212,,-0.701
349,1879-02-01,-0.078,-0.237,,-0.87
350,1879-03-01,-0.031,-0.247,,-0.644
351,1879-04-01,-0.068,-0.357,,-0.843
352,1879-05-01,-0.157,-0.33,,-0.732
353,1879-06-01,-0.354,-0.25,,-0.692
354,1879-07-01,-0.3,-0.273,,-0.65
355,1879-08-01,-0.32,-0.262,,-0.747
356,1879-09-01,-0.37,-0.229,,-0.794
357,1879-10-01,-0.1,-0.15,,-0.859
358,1879-11-01,-0.167,-0.375,,-0.896
359,1879-12-01,-0.384,-0.542,,-0.933
360,1880-01-01,-0.333,-0.382,-0.19,-1.01
361,1880-02-01,-0.252,-0.433,-0.25,-1.111
362,1880-03-01,-0.173,-0.182,-0.09,-0.819
363,1880-04-01,-0.213,-0.325,-0.17,-0.755
364,1880-05-01,-0.109,-0.318,-0.1,-0.753
365,1880-06-01,-0.318,-0.367,-0.21,-0.698
366,1880-07-01,-0.265,-0.32,-0.19,-0.789
367,1880-08-01,-0.121,-0.095,-0.1,-0.605
368,1880-09-01,-0.291,-0.288,-0.15,-0.812
369,1880-10-01,-0.22,-0.375,-0.23,-0.79
370,1880-11-01,-0.09,-0.259,-0.22,-0.742
371,1880-12-01,0.04,-0.294,-0.19,-0.703
372,1881-01-01,-0.224,-0.174,-0.19,-0.696
373,1881-02-01,0.06,-0.2,-0.15,-0.739
374,1881-03-01,-0.142,-0.215,0.03,-0.75
375,1881-04-01,0.023,-0.053,0.04,-0.595
376,1881-05-01,0.017,-0.099,0.07,-0.529
377,1881-06-01,-0.279,-0.39,-0.18,-0.717
378,1881-07-01,-0.151,-0.183,0.01,-0.632
379,1881-08-01,-0.145,-0.132,-0.03,-0.691
380,1881-09-01,-0.275,-0.287,-0.15,-0.812
381,1881-10-01,-0.159,-0.217,-0.21,-0.826
382,1881-11-01,-0.344,-0.37,-0.18,-0.876
383,1881-12-01,-0.079,-0.237,-0.07,-0.589
384,1882-01-01,0.001,-0.012,0.16,-0.541
385,1882-02-01,-0.198,-0.098,0.14,-0.776
386,1882-03-01,-0.081,-0.146,0.05,-0.735
387,1882-04-01,-0.175,-0.289,-0.16,-0.851
388,1882-05-01,-0.202,-0.29,-0.14,-0.707
389,1882-06-01,-0.326,-0.358,-0.22,-0.807
390,1882-07-01,-0.231,-0.308,-0.16,-0.768
391,1882-08-01,-0.24,-0.224,-0.07,-0.703
392,1882-09-01,-0.257,-0.145,-0.14,-0.764
393,1882-10-01,-0.159,-0.382,-0.23,-0.965
394,1882-11-01,-0.122,-0.385,-0.17,-0.892
395,1882-12-01,-0.331,-0.628,-0.36,-0.935
396,1883-01-01,-0.32,-0.44,-0.29,-0.875
397,1883-02-01,-0.234,-0.448,-0.36,-0.976
398,1883-03-01,-0.085,-0.249,-0.12,-0.711
399,1883-04-01,-0.151,-0.417,-0.18,-0.846
400,1883-05-01,-0.266,-0.323,-0.17,-0.633
401,1883-06-01,-0.16,-0.159,-0.06,-0.44
402,1883-07-01,-0.307,-0.216,-0.07,-0.664
403,1883-08-01,-0.495,-0.278,-0.14,-0.785
404,1883-09-01,-0.289,-0.301,-0.22,-0.824
405,1883-10-01,-0.263,-0.323,-0.11,-0.968
406,1883-11-01,-0.184,-0.373,-0.24,-0.855
407,1883-12-01,-0.32,-0.403,-0.11,-0.869
408,1884-01-01,-0.332,-0.426,-0.13,-0.908
409,1884-02-01,-0.08,-0.31,-0.08,-0.832
410,1884-03-01,-0.272,-0.491,-0.36,-1.102
411,1884-04-01,-0.389,-0.469,-0.4,-0.981
412,1884-05-01,-0.421,-0.546,-0.33,-0.843
413,1884-06-01,-0.381,-0.488,-0.35,-0.788
414,1884-07-01,-0.489,-0.556,-0.3,-0.86
415,1884-08-01,-0.521,-0.42,-0.27,-0.855
416,1884-09-01,-0.54,-0.498,-0.27,-0.931
417,1884-10-01,-0.284,-0.448,-0.25,-0.954
418,1884-11-01,-0.41,-0.569,-0.33,-0.966
419,1884-12-01,-0.327,-0.472,-0.31,-0.646
420,1885-01-01,-0.433,-0.645,-0.58,-0.963
421,1885-02-01,-0.417,-0.539,-0.34,-0.87
422,1885-03-01,-0.422,-0.408,-0.27,-1.016
423,1885-04-01,-0.421,-0.618,-0.42,-1.025
424,1885-05-01,-0.391,-0.592,-0.45,-0.808
425,1885-06-01,-0.62,-0.626,-0.44,-0.853
426,1885-07-01,-0.456,-0.409,-0.34,-0.749
427,1885-08-01,-0.47,-0.396,-0.31,-0.753
428,1885-09-01,-0.346,-0.348,-0.28,-0.829
429,1885-10-01,-0.217,-0.346,-0.23,-0.817
430,1885-11-01,-0.128,-0.368,-0.24,-0.792
431,1885-12-01,-0.15,-0.204,-0.1,-0.656
432,1886-01-01,-0.418,-0.458,-0.44,-0.903
433,1886-02-01,-0.324,-0.47,-0.5,-1.019
434,1886-03-01,-0.377,-0.467,-0.43,-1.103
435,1886-04-01,-0.158,-0.343,-0.28,-0.865
436,1886-05-01,-0.277,-0.279,-0.24,-0.815
437,1886-06-01,-0.498,-0.498,-0.35,-0.839
438,1886-07-01,-0.311,-0.297,-0.18,-0.745
439,1886-08-01,-0.432,-0.45,-0.31,-0.736
440,1886-09-01,-0.447,-0.38,-0.24,-0.871
441,1886-10-01,-0.371,-0.399,-0.27,-0.934
442,1886-11-01,-0.479,-0.476,-0.28,-0.913
443,1886-12-01,-0.351,-0.381,-0.25,-0.82
444,1887-01-01,-0.665,-0.734,-0.72,-1.253
445,1887-02-01,-0.578,-0.646,-0.57,-1.112
446,1887-03-01,-0.342,-0.435,-0.35,-1.073
447,1887-04-01,-0.35,-0.473,-0.34,-0.984
448,1887-05-01,-0.506,-0.512,-0.3,-0.946
449,1887-06-01,-0.489,-0.512,-0.25,-0.867
450,1887-07-01,-0.339,-0.379,-0.26,-0.788
451,1887-08-01,-0.483,-0.438,-0.35,-0.843
452,1887-09-01,-0.476,-0.379,-0.25,-0.803
453,1887-10-01,-0.345,-0.434,-0.35,-0.973
454,1887-11-01,-0.303,-0.428,-0.26,-0.919
455,1887-12-01,-0.281,-0.489,-0.33,-0.965
456,1888-01-01,-0.416,-0.615,-0.34,-0.814
457,1888-02-01,-0.428,-0.585,-0.36,-0.978
458,1888-03-01,-0.38,-0.593,-0.41,-0.911
459,1888-04-01,-0.354,-0.344,-0.21,-0.939
460,1888-05-01,-0.32,-0.399,-0.22,-0.759
461,1888-06-01,-0.149,-0.315,-0.17,-0.711
462,1888-07-01,-0.335,-0.335,-0.11,-0.599
463,1888-08-01,-0.281,-0.304,-0.16,-0.661
464,1888-09-01,-0.225,-0.32,-0.12,-0.778
465,1888-10-01,-0.054,-0.158,0.01,-0.524
466,1888-11-01,-0.033,-0.256,0.02,-0.531
467,1888-12-01,0.052,-0.248,-0.04,-0.623
468,1889-01-01,-0.059,-0.294,-0.09,-0.593
469,1889-02-01,0.102,-0.005,0.16,-0.475
470,1889-03-01,0.19,-0.079,0.06,-0.601
471,1889-04-01,0.033,-0.082,0.09,-0.591
472,1889-05-01,-0.074,-0.158,-0.01,-0.539
473,1889-06-01,-0.262,-0.216,-0.1,-0.625
474,1889-07-01,-0.212,-0.291,-0.08,-0.653
475,1889-08-01,-0.349,-0.315,-0.2,-0.665
476,1889-09-01,-0.381,-0.349,-0.23,-0.742
477,1889-10-01,-0.237,-0.361,-0.25,-0.814
478,1889-11-01,-0.273,-0.509,-0.34,-0.909
479,1889-12-01,-0.087,-0.346,-0.29,-0.837
480,1890-01-01,-0.333,-0.516,-0.42,-0.985
481,1890-02-01,-0.279,-0.449,-0.45,-0.947
482,1890-03-01,-0.424,-0.616,-0.4,-0.964
483,1890-04-01,-0.345,-0.492,-0.3,-0.998
484,1890-05-01,-0.354,-0.529,-0.4,-0.86
485,1890-06-01,-0.477,-0.485,-0.25,-0.907
486,1890-07-01,-0.508,-0.486,-0.28,-0.837
487,1890-08-01,-0.484,-0.469,-0.39,-0.921
488,1890-09-01,-0.495,-0.477,-0.36,-0.959
489,1890-10-01,-0.289,-0.437,-0.25,-0.837
490,1890-11-01,-0.444,-0.667,-0.44,-1.047
491,1890-12-01,-0.332,-0.381,-0.32,-0.846
492,1891-01-01,-0.35,-0.574,-0.34,-0.929
493,1891-02-01,-0.493,-0.593,-0.46,-1.117
494,1891-03-01,-0.235,-0.356,-0.18,-0.873
495,1891-04-01,-0.247,-0.438,-0.27,-0.887
496,1891-05-01,-0.217,-0.334,-0.16,-0.714
497,1891-06-01,-0.23,-0.365,-0.21,-0.701
498,1891-07-01,-0.434,-0.4,-0.18,-0.78
499,1891-08-01,-0.353,-0.361,-0.17,-0.787
500,1891-09-01,-0.246,-0.261,-0.15,-0.809
501,1891-10-01,-0.196,-0.334,-0.21,-0.806
502,1891-11-01,-0.337,-0.53,-0.31,-0.976
503,1891-12-01,-0.156,-0.223,-0.04,-0.771
504,1892-01-01,-0.194,-0.472,-0.29,-0.824
505,1892-02-01,-0.212,-0.288,-0.12,-0.743
506,1892-03-01,-0.35,-0.522,-0.4,-0.891
507,1892-04-01,-0.394,-0.537,-0.33,-0.959
508,1892-05-01,-0.388,-0.452,-0.23,-0.963
509,1892-06-01,-0.483,-0.432,-0.21,-0.858
510,1892-07-01,-0.536,-0.59,-0.31,-0.982
511,1892-08-01,-0.477,-0.511,-0.27,-0.926
512,1892-09-01,-0.43,-0.387,-0.16,-0.924
513,1892-10-01,-0.413,-0.437,-0.14,-1.035
514,1892-11-01,-0.609,-0.662,-0.42,-1.123
515,1892-12-01,-0.491,-0.789,-0.39,-0.958
516,1893-01-01,-0.701,-1.04,-0.81,-1.214
517,1893-02-01,-0.539,-0.846,-0.57,-1.025
518,1893-03-01,-0.3,-0.421,-0.22,-1.041
519,1893-04-01,-0.311,-0.508,-0.27,-0.995
520,1893-05-01,-0.357,-0.57,-0.34,-0.931
521,1893-06-01,-0.36,-0.453,-0.25,-0.739
522,1893-07-01,-0.217,-0.253,-0.14,-0.731
523,1893-08-01,-0.385,-0.295,-0.25,-0.828
524,1893-09-01,-0.356,-0.369,-0.22,-0.902
525,1893-10-01,-0.225,-0.305,-0.18,-0.838
526,1893-11-01,-0.318,-0.402,-0.19,-1.0
527,1893-12-01,-0.307,-0.477,-0.32,-0.991
528,1894-01-01,-0.496,-0.63,-0.53,-1.195
529,1894-02-01,-0.334,-0.419,-0.29,-1.071
530,1894-03-01,-0.342,-0.498,-0.23,-1.024
531,1894-04-01,-0.272,-0.523,-0.45,-1.018
532,1894-05-01,-0.302,-0.514,-0.31,-0.843
533,1894-06-01,-0.469,-0.58,-0.41,-0.962
534,1894-07-01,-0.232,-0.398,-0.24,-0.734
535,1894-08-01,-0.205,-0.355,-0.24,-0.717
536,1894-09-01,-0.357,-0.44,-0.28,-0.901
537,1894-10-01,-0.345,-0.399,-0.23,-0.96
538,1894-11-01,-0.223,-0.451,-0.26,-0.977
539,1894-12-01,-0.383,-0.538,-0.21,-0.918
540,1895-01-01,-0.41,-0.636,-0.41,-0.989
541,1895-02-01,-0.452,-0.632,-0.43,-1.07
542,1895-03-01,-0.315,-0.61,-0.33,-0.961
543,1895-04-01,-0.249,-0.448,-0.22,-0.804
544,1895-05-01,-0.24,-0.469,-0.28,-0.842
545,1895-06-01,-0.278,-0.421,-0.21,-0.784
546,1895-07-01,-0.171,-0.338,-0.17,-0.651
547,1895-08-01,-0.223,-0.374,-0.17,-0.688
548,1895-09-01,-0.266,-0.388,-0.12,-0.829
549,1895-10-01,-0.204,-0.314,-0.1,-0.876
550,1895-11-01,-0.108,-0.312,-0.17,-0.741
551,1895-12-01,-0.228,-0.36,-0.14,-0.84
552,1896-01-01,-0.153,-0.314,-0.23,-0.775
553,1896-02-01,-0.211,-0.329,-0.13,-0.868
554,1896-03-01,-0.211,-0.58,-0.26,-0.868
555,1896-04-01,-0.254,-0.529,-0.31,-0.953
556,1896-05-01,-0.192,-0.347,-0.16,-0.833
557,1896-06-01,-0.09,-0.224,-0.11,-0.608
558,1896-07-01,-0.141,-0.185,-0.03,-0.609
559,1896-08-01,-0.04,-0.173,-0.05,-0.581
560,1896-09-01,-0.201,-0.155,-0.08,-0.68
561,1896-10-01,-0.032,-0.117,0.06,-0.647
562,1896-11-01,-0.074,-0.308,-0.05,-0.706
563,1896-12-01,0.029,-0.083,-0.05,-0.705
564,1897-01-01,-0.076,-0.29,-0.15,-0.732
565,1897-02-01,-0.187,-0.338,-0.17,-0.879
566,1897-03-01,-0.117,-0.41,-0.14,-0.844
567,1897-04-01,-0.008,-0.109,-0.03,-0.656
568,1897-05-01,-0.05,-0.121,-0.02,-0.687
569,1897-06-01,-0.115,-0.17,-0.12,-0.683
570,1897-07-01,-0.053,-0.19,-0.03,-0.635
571,1897-08-01,-0.089,-0.183,-0.09,-0.611
572,1897-09-01,-0.162,-0.176,-0.09,-0.742
573,1897-10-01,-0.116,-0.206,-0.13,-0.815
574,1897-11-01,-0.208,-0.41,-0.19,-0.744
575,1897-12-01,-0.176,-0.453,-0.21,-0.697
576,1898-01-01,-0.049,-0.185,-0.03,-0.84
577,1898-02-01,-0.367,-0.544,-0.31,-1.009
578,1898-03-01,-0.431,-0.833,-0.51,-1.137
579,1898-04-01,-0.319,-0.66,-0.3,-0.967
580,1898-05-01,-0.302,-0.548,-0.3,-0.871
581,1898-06-01,-0.194,-0.334,-0.19,-0.724
582,1898-07-01,-0.224,-0.391,-0.22,-0.692
583,1898-08-01,-0.364,-0.395,-0.27,-0.692
584,1898-09-01,-0.234,-0.36,-0.22,-0.747
585,1898-10-01,-0.369,-0.476,-0.35,-0.944
586,1898-11-01,-0.316,-0.495,-0.38,-0.985
587,1898-12-01,-0.358,-0.467,-0.24,-0.835
588,1899-01-01,-0.239,-0.344,-0.17,-0.89
589,1899-02-01,-0.286,-0.528,-0.38,-0.964
590,1899-03-01,-0.29,-0.563,-0.37,-0.937
591,1899-04-01,-0.257,-0.418,-0.2,-0.878
592,1899-05-01,-0.18,-0.358,-0.23,-0.789
593,1899-06-01,-0.325,-0.507,-0.32,-0.858
594,1899-07-01,-0.205,-0.364,-0.16,-0.67
595,1899-08-01,-0.088,-0.237,-0.08,-0.646
596,1899-09-01,-0.115,-0.143,-0.04,-0.609
597,1899-10-01,-0.049,-0.176,-0.04,-0.725
598,1899-11-01,0.116,-0.047,0.12,-0.655
599,1899-12-01,-0.077,-0.448,-0.27,-0.635
600,1900-01-01,-0.227,-0.481,-0.37,-0.88
601,1900-02-01,0.135,-0.192,-0.06,-0.587
602,1900-03-01,-0.042,-0.199,0.0,-0.731
603,1900-04-01,-0.096,-0.225,-0.09,-0.726
604,1900-05-01,-0.139,-0.301,-0.09,-0.694
605,1900-06-01,-0.057,-0.223,-0.1,-0.606
606,1900-07-01,-0.139,-0.21,-0.13,-0.665
607,1900-08-01,-0.124,-0.21,-0.09,-0.678
608,1900-09-01,-0.087,-0.193,-0.06,-0.724
609,1900-10-01,0.06,-0.058,0.09,-0.623
610,1900-11-01,-0.089,-0.257,-0.07,-0.719
611,1900-12-01,0.016,-0.213,-0.07,-0.622
612,1901-01-01,-0.195,-0.264,-0.23,-0.787
613,1901-02-01,-0.089,-0.258,-0.1,-0.78
614,1901-03-01,-0.096,-0.18,0.06,-0.618
615,1901-04-01,-0.002,-0.165,-0.03,-0.622
616,1901-05-01,-0.041,-0.234,-0.16,-0.689
617,1901-06-01,-0.158,-0.256,-0.12,-0.725
618,1901-07-01,-0.169,-0.346,-0.14,-0.699
619,1901-08-01,-0.191,-0.211,-0.2,-0.699
620,1901-09-01,-0.239,-0.356,-0.22,-0.808
621,1901-10-01,-0.281,-0.336,-0.29,-0.862
622,1901-11-01,-0.307,-0.374,-0.17,-0.798
623,1901-12-01,-0.2,-0.466,-0.28,-0.694
624,1902-01-01,-0.205,-0.425,-0.17,-0.807
625,1902-02-01,-0.065,-0.224,-0.09,-0.706
626,1902-03-01,-0.336,-0.456,-0.27,-0.969
627,1902-04-01,-0.266,-0.444,-0.27,-0.864
628,1902-05-01,-0.301,-0.435,-0.32,-0.791
629,1902-06-01,-0.309,-0.45,-0.32,-0.728
630,1902-07-01,-0.31,-0.411,-0.28,-0.723
631,1902-08-01,-0.369,-0.431,-0.3,-0.777
632,1902-09-01,-0.268,-0.373,-0.29,-0.839
633,1902-10-01,-0.44,-0.497,-0.3,-0.869
634,1902-11-01,-0.44,-0.554,-0.37,-0.892
635,1902-12-01,-0.394,-0.549,-0.43,-0.927
636,1903-01-01,-0.208,-0.423,-0.24,-0.811
637,1903-02-01,-0.221,-0.235,-0.06,-0.879
638,1903-03-01,-0.253,-0.406,-0.23,-0.846
639,1903-04-01,-0.501,-0.59,-0.41,-1.052
640,1903-05-01,-0.367,-0.514,-0.4,-0.862
641,1903-06-01,-0.353,-0.549,-0.43,-0.869
642,1903-07-01,-0.463,-0.511,-0.35,-0.906
643,1903-08-01,-0.618,-0.611,-0.45,-0.973
644,1903-09-01,-0.481,-0.571,-0.49,-1.0
645,1903-10-01,-0.494,-0.674,-0.46,-1.066
646,1903-11-01,-0.53,-0.631,-0.42,-0.931
647,1903-12-01,-0.532,-0.708,-0.51,-1.094
648,1904-01-01,-0.658,-0.797,-0.63,-1.208
649,1904-02-01,-0.659,-0.767,-0.59,-1.165
650,1904-03-01,-0.5,-0.694,-0.51,-0.975
651,1904-04-01,-0.476,-0.645,-0.51,-1.117
652,1904-05-01,-0.479,-0.611,-0.52,-1.037
653,1904-06-01,-0.455,-0.569,-0.48,-0.978
654,1904-07-01,-0.502,-0.559,-0.51,-0.959
655,1904-08-01,-0.449,-0.484,-0.49,-0.963
656,1904-09-01,-0.53,-0.6,-0.56,-1.022
657,1904-10-01,-0.413,-0.553,-0.39,-0.946
658,1904-11-01,-0.28,-0.392,-0.18,-0.81
659,1904-12-01,-0.332,-0.494,-0.33,-0.813
660,1905-01-01,-0.375,-0.457,-0.35,-0.891
661,1905-02-01,-0.636,-0.715,-0.6,-1.153
662,1905-03-01,-0.476,-0.519,-0.21,-0.917
663,1905-04-01,-0.449,-0.558,-0.33,-0.951
664,1905-05-01,-0.29,-0.434,-0.29,-0.805
665,1905-06-01,-0.251,-0.345,-0.28,-0.721
666,1905-07-01,-0.236,-0.376,-0.26,-0.719
667,1905-08-01,-0.307,-0.306,-0.2,-0.832
668,1905-09-01,-0.314,-0.347,-0.19,-0.897
669,1905-10-01,-0.247,-0.334,-0.24,-0.934
670,1905-11-01,-0.261,-0.215,-0.07,-0.814
671,1905-12-01,-0.147,-0.264,-0.13,-0.885
672,1906-01-01,-0.198,-0.285,-0.28,-0.961
673,1906-02-01,-0.245,-0.377,-0.3,-0.871
674,1906-03-01,-0.144,-0.282,-0.18,-0.865
675,1906-04-01,-0.041,-0.1,-0.05,-0.67
676,1906-05-01,-0.312,-0.372,-0.26,-0.776
677,1906-06-01,-0.163,-0.229,-0.19,-0.71
678,1906-07-01,-0.19,-0.346,-0.23,-0.678
679,1906-08-01,-0.246,-0.272,-0.2,-0.817
680,1906-09-01,-0.297,-0.352,-0.28,-0.816
681,1906-10-01,-0.163,-0.32,-0.2,-0.781
682,1906-11-01,-0.234,-0.531,-0.38,-0.865
683,1906-12-01,-0.244,-0.317,-0.15,-0.623
684,1907-01-01,-0.415,-0.516,-0.43,-0.949
685,1907-02-01,-0.502,-0.615,-0.51,-1.129
686,1907-03-01,-0.305,-0.427,-0.27,-0.952
687,1907-04-01,-0.348,-0.472,-0.37,-1.048
688,1907-05-01,-0.522,-0.637,-0.46,-1.019
689,1907-06-01,-0.463,-0.539,-0.42,-0.957
690,1907-07-01,-0.401,-0.431,-0.35,-0.839
691,1907-08-01,-0.434,-0.493,-0.34,-0.882
692,1907-09-01,-0.406,-0.4,-0.34,-0.888
693,1907-10-01,-0.235,-0.332,-0.23,-0.836
694,1907-11-01,-0.489,-0.548,-0.47,-0.983
695,1907-12-01,-0.408,-0.583,-0.48,-1.017
696,1908-01-01,-0.454,-0.452,-0.45,-1.082
697,1908-02-01,-0.359,-0.406,-0.33,-0.883
698,1908-03-01,-0.625,-0.697,-0.56,-1.154
699,1908-04-01,-0.584,-0.581,-0.45,-1.138
700,1908-05-01,-0.422,-0.438,-0.38,-0.939
701,1908-06-01,-0.433,-0.409,-0.38,-0.899
702,1908-07-01,-0.325,-0.396,-0.35,-0.858
703,1908-08-01,-0.49,-0.481,-0.46,-1.002
704,1908-09-01,-0.367,-0.383,-0.35,-0.962
705,1908-10-01,-0.387,-0.568,-0.44,-1.04
706,1908-11-01,-0.55,-0.638,-0.52,-1.023
707,1908-12-01,-0.525,-0.63,-0.49,-1.018
708,1909-01-01,-0.646,-0.755,-0.73,-1.219
709,1909-02-01,-0.5,-0.533,-0.46,-1.018
710,1909-03-01,-0.576,-0.651,-0.54,-1.127
711,1909-04-01,-0.567,-0.63,-0.59,-1.079
712,1909-05-01,-0.504,-0.589,-0.55,-0.967
713,1909-06-01,-0.445,-0.507,-0.52,-0.975
714,1909-07-01,-0.513,-0.528,-0.45,-0.955
715,1909-08-01,-0.313,-0.328,-0.34,-0.897
716,1909-09-01,-0.37,-0.407,-0.39,-0.928
717,1909-10-01,-0.405,-0.49,-0.4,-0.911
718,1909-11-01,-0.352,-0.384,-0.32,-0.865
719,1909-12-01,-0.439,-0.592,-0.56,-0.981
720,1910-01-01,-0.376,-0.417,-0.43,-0.917
721,1910-02-01,-0.4,-0.505,-0.42,-1.018
722,1910-03-01,-0.515,-0.602,-0.5,-1.09
723,1910-04-01,-0.539,-0.525,-0.43,-1.016
724,1910-05-01,-0.377,-0.523,-0.35,-0.902
725,1910-06-01,-0.46,-0.552,-0.39,-0.884
726,1910-07-01,-0.345,-0.442,-0.35,-0.871
727,1910-08-01,-0.389,-0.391,-0.37,-0.846
728,1910-09-01,-0.41,-0.418,-0.39,-0.922
729,1910-10-01,-0.38,-0.477,-0.41,-0.974
730,1910-11-01,-0.561,-0.668,-0.57,-0.95
731,1910-12-01,-0.576,-0.745,-0.68,-1.103
732,1911-01-01,-0.54,-0.656,-0.63,-1.131
733,1911-02-01,-0.601,-0.706,-0.59,-1.226
734,1911-03-01,-0.605,-0.765,-0.61,-1.253
735,1911-04-01,-0.572,-0.642,-0.54,-0.999
736,1911-05-01,-0.502,-0.641,-0.52,-1.016
737,1911-06-01,-0.503,-0.56,-0.51,-0.988
738,1911-07-01,-0.503,-0.497,-0.43,-0.935
739,1911-08-01,-0.468,-0.51,-0.44,-0.938
740,1911-09-01,-0.461,-0.501,-0.41,-0.917
741,1911-10-01,-0.228,-0.352,-0.27,-0.809
742,1911-11-01,-0.237,-0.343,-0.22,-0.789
743,1911-12-01,-0.124,-0.303,-0.23,-0.778
744,1912-01-01,-0.212,-0.326,-0.27,-0.882
745,1912-02-01,-0.153,-0.312,-0.16,-0.848
746,1912-03-01,-0.352,-0.557,-0.39,-1.038
747,1912-04-01,-0.253,-0.338,-0.18,-0.819
748,1912-05-01,-0.279,-0.335,-0.22,-0.792
749,1912-06-01,-0.198,-0.29,-0.25,-0.788
750,1912-07-01,-0.321,-0.51,-0.43,-0.905
751,1912-08-01,-0.497,-0.58,-0.55,-1.02
752,1912-09-01,-0.544,-0.646,-0.58,-1.019
753,1912-10-01,-0.521,-0.685,-0.58,-1.142
754,1912-11-01,-0.4,-0.556,-0.4,-0.849
755,1912-12-01,-0.408,-0.577,-0.43,-0.878
756,1913-01-01,-0.484,-0.546,-0.41,-0.964
757,1913-02-01,-0.488,-0.54,-0.45,-0.961
758,1913-03-01,-0.478,-0.601,-0.43,-1.076
759,1913-04-01,-0.363,-0.523,-0.4,-0.988
760,1913-05-01,-0.426,-0.548,-0.44,-0.951
761,1913-06-01,-0.424,-0.546,-0.45,-0.904
762,1913-07-01,-0.384,-0.487,-0.37,-0.838
763,1913-08-01,-0.346,-0.4,-0.33,-0.807
764,1913-09-01,-0.442,-0.418,-0.35,-0.907
765,1913-10-01,-0.308,-0.442,-0.32,-0.897
766,1913-11-01,-0.204,-0.362,-0.21,-0.808
767,1913-12-01,0.033,-0.15,-0.03,-0.596
768,1914-01-01,-0.054,-0.071,0.05,-0.668
769,1914-02-01,-0.24,-0.255,-0.1,-0.742
770,1914-03-01,-0.351,-0.392,-0.24,-0.888
771,1914-04-01,-0.328,-0.401,-0.3,-0.796
772,1914-05-01,-0.327,-0.309,-0.21,-0.726
773,1914-06-01,-0.264,-0.311,-0.25,-0.727
774,1914-07-01,-0.177,-0.298,-0.24,-0.789
775,1914-08-01,-0.153,-0.245,-0.16,-0.791
776,1914-09-01,-0.216,-0.302,-0.17,-0.797
777,1914-10-01,-0.002,-0.11,-0.03,-0.638
778,1914-11-01,-0.128,-0.182,-0.16,-0.591
779,1914-12-01,-0.104,-0.238,-0.05,-0.611
780,1915-01-01,-0.25,-0.284,-0.22,-0.794
781,1915-02-01,-0.188,-0.213,-0.04,-0.773
782,1915-03-01,-0.002,-0.195,-0.09,-0.687
783,1915-04-01,-0.023,-0.086,0.06,-0.551
784,1915-05-01,-0.039,-0.177,-0.06,-0.604
785,1915-06-01,-0.063,-0.174,-0.23,-0.667
786,1915-07-01,-0.108,-0.177,-0.13,-0.566
787,1915-08-01,-0.103,-0.064,-0.22,-0.624
788,1915-09-01,-0.182,-0.112,-0.2,-0.685
789,1915-10-01,-0.117,-0.282,-0.25,-0.782
790,1915-11-01,-0.063,-0.17,-0.13,-0.636
791,1915-12-01,-0.25,-0.352,-0.21,-0.828
792,1916-01-01,-0.212,-0.336,-0.13,-0.768
793,1916-02-01,-0.121,-0.265,-0.16,-0.859
794,1916-03-01,-0.334,-0.435,-0.28,-0.92
795,1916-04-01,-0.308,-0.381,-0.31,-0.794
796,1916-05-01,-0.286,-0.427,-0.36,-0.791
797,1916-06-01,-0.352,-0.498,-0.5,-0.823
798,1916-07-01,-0.274,-0.386,-0.37,-0.871
799,1916-08-01,-0.298,-0.297,-0.28,-0.817
800,1916-09-01,-0.362,-0.325,-0.36,-0.864
801,1916-10-01,-0.438,-0.372,-0.33,-0.927
802,1916-11-01,-0.543,-0.509,-0.47,-1.106
803,1916-12-01,-0.671,-0.812,-0.82,-1.238
804,1917-01-01,-0.627,-0.692,-0.57,-1.108
805,1917-02-01,-0.692,-0.716,-0.63,-1.234
806,1917-03-01,-0.799,-0.78,-0.64,-1.337
807,1917-04-01,-0.503,-0.544,-0.55,-1.047
808,1917-05-01,-0.548,-0.641,-0.56,-1.101
809,1917-06-01,-0.423,-0.478,-0.44,-0.939
810,1917-07-01,-0.205,-0.257,-0.25,-0.712
811,1917-08-01,-0.245,-0.339,-0.22,-0.838
812,1917-09-01,-0.18,-0.303,-0.23,-0.819
813,1917-10-01,-0.397,-0.533,-0.44,-1.037
814,1917-11-01,-0.461,-0.455,-0.34,-1.001
815,1917-12-01,-0.725,-0.787,-0.68,-1.195
816,1918-01-01,-0.498,-0.519,-0.48,-1.115
817,1918-02-01,-0.605,-0.677,-0.35,-1.142
818,1918-03-01,-0.494,-0.582,-0.26,-1.014
819,1918-04-01,-0.467,-0.627,-0.45,-1.108
820,1918-05-01,-0.445,-0.527,-0.44,-0.99
821,1918-06-01,-0.365,-0.389,-0.37,-0.986
822,1918-07-01,-0.28,-0.371,-0.32,-0.815
823,1918-08-01,-0.408,-0.444,-0.32,-0.93
824,1918-09-01,-0.203,-0.274,-0.18,-0.78
825,1918-10-01,-0.061,-0.117,-0.06,-0.736
826,1918-11-01,-0.048,-0.169,-0.12,-0.798
827,1918-12-01,-0.235,-0.417,-0.3,-0.838
828,1919-01-01,-0.246,-0.243,-0.2,-0.702
829,1919-02-01,-0.193,-0.236,-0.23,-0.887
830,1919-03-01,-0.373,-0.394,-0.21,-0.96
831,1919-04-01,-0.167,-0.209,-0.13,-0.639
832,1919-05-01,-0.235,-0.312,-0.28,-0.759
833,1919-06-01,-0.277,-0.37,-0.36,-0.804
834,1919-07-01,-0.313,-0.321,-0.3,-0.803
835,1919-08-01,-0.337,-0.258,-0.34,-0.85
836,1919-09-01,-0.318,-0.294,-0.26,-0.737
837,1919-10-01,-0.274,-0.272,-0.2,-0.862
838,1919-11-01,-0.389,-0.561,-0.42,-0.877
839,1919-12-01,-0.375,-0.519,-0.43,-0.854
840,1920-01-01,-0.195,-0.275,-0.25,-0.655
841,1920-02-01,-0.313,-0.545,-0.27,-0.858
842,1920-03-01,-0.174,-0.169,-0.13,-0.723
843,1920-04-01,-0.254,-0.342,-0.25,-0.889
844,1920-05-01,-0.181,-0.26,-0.27,-0.698
845,1920-06-01,-0.155,-0.253,-0.36,-0.745
846,1920-07-01,-0.282,-0.318,-0.31,-0.797
847,1920-08-01,-0.201,-0.234,-0.27,-0.799
848,1920-09-01,-0.125,-0.205,-0.22,-0.768
849,1920-10-01,-0.151,-0.222,-0.27,-0.773
850,1920-11-01,-0.177,-0.339,-0.27,-0.85
851,1920-12-01,-0.349,-0.492,-0.47,-0.981
852,1921-01-01,-0.183,-0.23,-0.05,-0.707
853,1921-02-01,-0.204,-0.295,-0.18,-0.891
854,1921-03-01,-0.32,-0.348,-0.23,-0.906
855,1921-04-01,-0.279,-0.294,-0.3,-0.853
856,1921-05-01,-0.248,-0.3,-0.3,-0.756
857,1921-06-01,-0.167,-0.159,-0.27,-0.717
858,1921-07-01,-0.071,-0.152,-0.15,-0.678
859,1921-08-01,-0.147,-0.317,-0.26,-0.783
860,1921-09-01,-0.158,-0.197,-0.19,-0.784
861,1921-10-01,-0.037,-0.129,-0.03,-0.713
862,1921-11-01,-0.096,-0.194,-0.15,-0.704
863,1921-12-01,-0.098,-0.28,-0.18,-0.702
864,1922-01-01,-0.278,-0.418,-0.34,-0.861
865,1922-02-01,-0.318,-0.406,-0.45,-1.029
866,1922-03-01,-0.2,-0.33,-0.15,-0.828
867,1922-04-01,-0.123,-0.295,-0.23,-0.781
868,1922-05-01,-0.299,-0.468,-0.33,-0.895
869,1922-06-01,-0.299,-0.297,-0.31,-0.862
870,1922-07-01,-0.167,-0.264,-0.27,-0.829
871,1922-08-01,-0.312,-0.354,-0.33,-0.909
872,1922-09-01,-0.315,-0.317,-0.35,-0.857
873,1922-10-01,-0.247,-0.347,-0.32,-0.868
874,1922-11-01,-0.215,-0.254,-0.14,-0.666
875,1922-12-01,-0.241,-0.308,-0.2,-0.692
876,1923-01-01,-0.261,-0.404,-0.28,-0.857
877,1923-02-01,-0.372,-0.488,-0.4,-0.929
878,1923-03-01,-0.392,-0.46,-0.34,-1.036
879,1923-04-01,-0.302,-0.408,-0.42,-0.909
880,1923-05-01,-0.23,-0.401,-0.34,-0.849
881,1923-06-01,-0.133,-0.26,-0.29,-0.75
882,1923-07-01,-0.237,-0.414,-0.31,-0.893
883,1923-08-01,-0.256,-0.321,-0.34,-0.921
884,1923-09-01,-0.278,-0.334,-0.31,-0.878
885,1923-10-01,-0.046,-0.168,-0.14,-0.774
886,1923-11-01,0.017,-0.025,-0.03,-0.602
887,1923-12-01,0.069,-0.092,-0.04,-0.614
888,1924-01-01,-0.268,-0.328,-0.23,-0.812
889,1924-02-01,-0.161,-0.31,-0.23,-0.834
890,1924-03-01,-0.076,-0.177,-0.09,-0.764
891,1924-04-01,-0.285,-0.338,-0.31,-0.819
892,1924-05-01,-0.146,-0.212,-0.19,-0.744
893,1924-06-01,-0.148,-0.27,-0.26,-0.777
894,1924-07-01,-0.206,-0.296,-0.29,-0.862
895,1924-08-01,-0.33,-0.314,-0.36,-0.869
896,1924-09-01,-0.282,-0.325,-0.32,-0.869
897,1924-10-01,-0.229,-0.359,-0.35,-0.861
898,1924-11-01,-0.184,-0.283,-0.21,-0.81
899,1924-12-01,-0.375,-0.49,-0.43,-0.895
900,1925-01-01,-0.41,-0.484,-0.38,-1.036
901,1925-02-01,-0.429,-0.474,-0.39,-0.952
902,1925-03-01,-0.273,-0.374,-0.27,-0.906
903,1925-04-01,-0.241,-0.301,-0.26,-0.788
904,1925-05-01,-0.169,-0.307,-0.3,-0.797
905,1925-06-01,-0.195,-0.34,-0.33,-0.809
906,1925-07-01,-0.214,-0.337,-0.27,-0.772
907,1925-08-01,-0.164,-0.166,-0.21,-0.778
908,1925-09-01,-0.186,-0.254,-0.2,-0.814
909,1925-10-01,-0.057,-0.283,-0.18,-0.733
910,1925-11-01,-0.017,-0.052,0.05,-0.64
911,1925-12-01,0.093,0.019,0.06,-0.562
912,1926-01-01,0.162,0.082,0.21,-0.463
913,1926-02-01,-0.026,-0.037,0.02,-0.649
914,1926-03-01,0.041,0.021,0.11,-0.545
915,1926-04-01,-0.099,-0.16,-0.14,-0.648
916,1926-05-01,-0.175,-0.267,-0.24,-0.8
917,1926-06-01,-0.115,-0.181,-0.27,-0.711
918,1926-07-01,-0.192,-0.209,-0.28,-0.809
919,1926-08-01,-0.131,-0.102,-0.13,-0.73
920,1926-09-01,-0.098,-0.118,-0.15,-0.725
921,1926-10-01,0.069,-0.069,-0.11,-0.588
922,1926-11-01,-0.003,-0.11,-0.07,-0.703
923,1926-12-01,-0.177,-0.317,-0.3,-0.839
924,1927-01-01,-0.229,-0.31,-0.27,-0.863
925,1927-02-01,-0.13,-0.206,-0.18,-0.772
926,1927-03-01,-0.312,-0.408,-0.39,-1.036
927,1927-04-01,-0.286,-0.316,-0.31,-0.918
928,1927-05-01,-0.135,-0.231,-0.26,-0.79
929,1927-06-01,-0.152,-0.25,-0.28,-0.744
930,1927-07-01,-0.045,-0.211,-0.19,-0.735
931,1927-08-01,-0.069,-0.207,-0.24,-0.636
932,1927-09-01,-0.11,-0.109,-0.13,-0.7
933,1927-10-01,0.147,-0.021,-0.01,-0.592
934,1927-11-01,0.015,-0.12,-0.06,-0.652
935,1927-12-01,-0.265,-0.32,-0.33,-0.914
936,1928-01-01,0.007,-0.025,-0.03,-0.691
937,1928-02-01,-0.099,-0.123,-0.09,-0.755
938,1928-03-01,-0.239,-0.318,-0.25,-0.882
939,1928-04-01,-0.179,-0.236,-0.29,-0.856
940,1928-05-01,-0.22,-0.302,-0.3,-0.789
941,1928-06-01,-0.204,-0.332,-0.39,-0.766
942,1928-07-01,-0.146,-0.19,-0.19,-0.757
943,1928-08-01,-0.161,-0.177,-0.22,-0.812
944,1928-09-01,-0.149,-0.207,-0.21,-0.713
945,1928-10-01,-0.082,-0.187,-0.19,-0.766
946,1928-11-01,-0.132,-0.172,-0.1,-0.682
947,1928-12-01,-0.105,-0.232,-0.16,-0.712
948,1929-01-01,-0.327,-0.434,-0.45,-0.97
949,1929-02-01,-0.447,-0.601,-0.58,-1.078
950,1929-03-01,-0.388,-0.485,-0.33,-0.94
951,1929-04-01,-0.395,-0.441,-0.41,-0.994
952,1929-05-01,-0.371,-0.435,-0.38,-0.919
953,1929-06-01,-0.209,-0.404,-0.43,-0.95
954,1929-07-01,-0.326,-0.436,-0.37,-0.966
955,1929-08-01,-0.154,-0.262,-0.32,-0.762
956,1929-09-01,-0.263,-0.273,-0.25,-0.806
957,1929-10-01,-0.114,-0.214,-0.15,-0.763
958,1929-11-01,-0.077,-0.137,-0.12,-0.746
959,1929-12-01,-0.425,-0.562,-0.55,-1.05
960,1930-01-01,-0.228,-0.358,-0.3,-0.865
961,1930-02-01,-0.248,-0.338,-0.27,-0.857
962,1930-03-01,-0.117,-0.244,-0.11,-0.816
963,1930-04-01,-0.185,-0.224,-0.25,-0.761
964,1930-05-01,-0.098,-0.247,-0.24,-0.745
965,1930-06-01,-0.016,-0.197,-0.22,-0.723
966,1930-07-01,-0.028,-0.18,-0.21,-0.63
967,1930-08-01,-0.002,-0.09,-0.15,-0.73
968,1930-09-01,-0.073,-0.093,-0.15,-0.732
969,1930-10-01,0.024,-0.081,-0.12,-0.69
970,1930-11-01,0.195,0.069,0.17,-0.433
971,1930-12-01,0.037,-0.055,-0.06,-0.607
972,1931-01-01,-0.056,-0.127,-0.1,-0.635
973,1931-02-01,-0.199,-0.254,-0.21,-0.802
974,1931-03-01,-0.12,-0.114,-0.11,-0.755
975,1931-04-01,-0.14,-0.181,-0.23,-0.78
976,1931-05-01,-0.163,-0.201,-0.2,-0.732
977,1931-06-01,-0.002,-0.023,-0.08,-0.607
978,1931-07-01,0.068,-0.01,-0.04,-0.592
979,1931-08-01,0.021,-0.036,-0.03,-0.583
980,1931-09-01,0.022,-0.05,-0.06,-0.59
981,1931-10-01,0.151,-0.022,0.06,-0.594
982,1931-11-01,0.001,-0.149,-0.06,-0.624
983,1931-12-01,-0.011,-0.101,-0.05,-0.617
984,1932-01-01,0.099,0.07,0.15,-0.494
985,1932-02-01,-0.244,-0.188,-0.17,-0.848
986,1932-03-01,-0.141,-0.201,-0.18,-0.763
987,1932-04-01,-0.018,-0.077,-0.06,-0.673
988,1932-05-01,-0.076,-0.167,-0.18,-0.708
989,1932-06-01,-0.116,-0.256,-0.29,-0.704
990,1932-07-01,-0.037,-0.134,-0.25,-0.724
991,1932-08-01,-0.105,-0.188,-0.21,-0.848
992,1932-09-01,0.015,-0.003,-0.1,-0.608
993,1932-10-01,-0.04,-0.094,-0.09,-0.682
994,1932-11-01,-0.224,-0.296,-0.28,-0.848
995,1932-12-01,-0.154,-0.266,-0.27,-0.754
996,1933-01-01,-0.2,-0.324,-0.23,-0.75
997,1933-02-01,-0.243,-0.349,-0.3,-0.92
998,1933-03-01,-0.318,-0.401,-0.3,-0.877
999,1933-04-01,-0.213,-0.303,-0.25,-0.81
1000,1933-05-01,-0.186,-0.291,-0.29,-0.805
1001,1933-06-01,-0.172,-0.327,-0.34,-0.798
1002,1933-07-01,-0.173,-0.294,-0.21,-0.837
1003,1933-08-01,-0.14,-0.154,-0.23,-0.789
1004,1933-09-01,-0.239,-0.328,-0.29,-0.942
1005,1933-10-01,-0.071,-0.249,-0.25,-0.807
1006,1933-11-01,-0.272,-0.406,-0.31,-0.895
1007,1933-12-01,-0.412,-0.515,-0.44,-0.974
1008,1934-01-01,-0.224,-0.33,-0.21,-0.852
1009,1934-02-01,-0.037,-0.148,-0.03,-0.716
1010,1934-03-01,-0.314,-0.429,-0.29,-0.912
1011,1934-04-01,-0.262,-0.385,-0.31,-0.844
1012,1934-05-01,-0.076,-0.15,-0.1,-0.648
1013,1934-06-01,-0.012,-0.091,-0.15,-0.688
1014,1934-07-01,-0.049,-0.18,-0.1,-0.689
1015,1934-08-01,-0.112,-0.116,-0.12,-0.701
1016,1934-09-01,-0.073,-0.139,-0.15,-0.67
1017,1934-10-01,0.075,-0.083,-0.06,-0.629
1018,1934-11-01,0.18,0.036,0.03,-0.549
1019,1934-12-01,-0.034,-0.109,-0.03,-0.637
1020,1935-01-01,-0.28,-0.357,-0.34,-0.872
1021,1935-02-01,0.142,0.041,0.14,-0.495
1022,1935-03-01,-0.135,-0.233,-0.14,-0.811
1023,1935-04-01,-0.213,-0.331,-0.37,-0.955
1024,1935-05-01,-0.196,-0.33,-0.29,-0.819
1025,1935-06-01,-0.107,-0.218,-0.27,-0.813
1026,1935-07-01,-0.001,-0.15,-0.22,-0.663
1027,1935-08-01,-0.062,-0.15,-0.22,-0.686
1028,1935-09-01,-0.103,-0.194,-0.21,-0.674
1029,1935-10-01,0.008,-0.054,-0.06,-0.651
1030,1935-11-01,-0.224,-0.326,-0.26,-0.768
1031,1935-12-01,-0.131,-0.253,-0.17,-0.692
1032,1936-01-01,-0.272,-0.393,-0.28,-0.898
1033,1936-02-01,-0.288,-0.339,-0.38,-0.895
1034,1936-03-01,-0.197,-0.334,-0.21,-0.85
1035,1936-04-01,-0.123,-0.196,-0.2,-0.739
1036,1936-05-01,-0.099,-0.178,-0.16,-0.715
1037,1936-06-01,-0.02,-0.15,-0.22,-0.713
1038,1936-07-01,0.049,-0.079,-0.1,-0.584
1039,1936-08-01,0.04,-0.071,-0.13,-0.553
1040,1936-09-01,-0.017,-0.109,-0.09,-0.681
1041,1936-10-01,0.101,-0.04,-0.03,-0.577
1042,1936-11-01,-0.012,-0.063,0.01,-0.643
1043,1936-12-01,0.066,-0.098,-0.01,-0.594
1044,1937-01-01,-0.04,-0.125,-0.07,-0.663
1045,1937-02-01,0.097,0.072,0.03,-0.589
1046,1937-03-01,-0.108,-0.262,-0.21,-0.839
1047,1937-04-01,-0.032,-0.118,-0.16,-0.776
1048,1937-05-01,-0.026,-0.09,-0.05,-0.628
1049,1937-06-01,0.071,-0.007,-0.05,-0.611
1050,1937-07-01,0.149,0.025,-0.03,-0.574
1051,1937-08-01,0.132,0.041,0.01,-0.53
1052,1937-09-01,0.217,0.148,0.09,-0.482
1053,1937-10-01,0.264,0.131,0.08,-0.498
1054,1937-11-01,0.15,0.066,0.08,-0.512
1055,1937-12-01,0.057,-0.074,-0.08,-0.659
1056,1938-01-01,0.116,0.045,0.08,-0.579
1057,1938-02-01,0.108,-0.014,0.04,-0.594
1058,1938-03-01,0.094,-0.025,0.1,-0.566
1059,1938-04-01,0.056,0.034,0.06,-0.546
1060,1938-05-01,-0.02,-0.103,-0.1,-0.65
1061,1938-06-01,-0.058,-0.092,-0.17,-0.739
1062,1938-07-01,0.04,-0.044,-0.09,-0.596
1063,1938-08-01,0.03,0.002,-0.05,-0.616
1064,1938-09-01,0.108,0.025,0.01,-0.532
1065,1938-10-01,0.252,0.166,0.15,-0.495
1066,1938-11-01,0.136,0.052,0.07,-0.522
1067,1938-12-01,-0.068,-0.198,-0.12,-0.732
1068,1939-01-01,-0.028,-0.115,-0.05,-0.642
1069,1939-02-01,-0.061,-0.121,-0.06,-0.7
1070,1939-03-01,-0.199,-0.295,-0.18,-0.896
1071,1939-04-01,0.019,-0.116,-0.1,-0.767
1072,1939-05-01,0.126,-0.04,-0.04,-0.619
1073,1939-06-01,0.128,0.015,-0.07,-0.596
1074,1939-07-01,0.05,-0.036,-0.06,-0.493
1075,1939-08-01,0.082,-0.036,-0.06,-0.522
1076,1939-09-01,0.113,-0.015,-0.07,-0.533
1077,1939-10-01,0.027,-0.101,-0.04,-0.637
1078,1939-11-01,0.104,0.021,0.07,-0.505
1079,1939-12-01,0.439,0.337,0.42,-0.157
1080,1940-01-01,0.128,-0.047,-0.01,-0.523
1081,1940-02-01,0.218,0.08,0.08,-0.453
1082,1940-03-01,0.195,-0.043,0.09,-0.591
1083,1940-04-01,0.235,0.143,0.17,-0.371
1084,1940-05-01,0.184,0.035,0.11,-0.397
1085,1940-06-01,0.175,0.043,0.11,-0.535
1086,1940-07-01,0.216,0.148,0.12,-0.49
1087,1940-08-01,0.148,0.102,0.06,-0.512
1088,1940-09-01,0.177,0.129,0.15,-0.429
1089,1940-10-01,0.18,0.098,0.11,-0.416
1090,1940-11-01,0.082,-0.002,0.16,-0.428
1091,1940-12-01,0.252,0.2,0.31,-0.299
1092,1941-01-01,-0.099,-0.044,0.18,-0.478
1093,1941-02-01,0.084,0.112,0.3,-0.367
1094,1941-03-01,-0.018,-0.123,0.1,-0.561
1095,1941-04-01,0.025,0.033,0.16,-0.385
1096,1941-05-01,0.067,0.058,0.17,-0.409
1097,1941-06-01,0.137,0.055,0.13,-0.391
1098,1941-07-01,0.242,0.156,0.22,-0.352
1099,1941-08-01,0.071,0.036,0.15,-0.388
1100,1941-09-01,-0.108,-0.147,0.02,-0.508
1101,1941-10-01,0.216,0.21,0.35,-0.273
1102,1941-11-01,0.057,-0.013,0.22,-0.415
1103,1941-12-01,0.102,0.078,0.21,-0.262
1104,1942-01-01,0.232,0.25,0.29,-0.31
1105,1942-02-01,-0.044,0.016,0.02,-0.682
1106,1942-03-01,-0.009,-0.045,0.05,-0.586
1107,1942-04-01,-0.06,-0.009,0.09,-0.563
1108,1942-05-01,0.043,0.122,0.11,-0.475
1109,1942-06-01,0.041,0.027,0.04,-0.489
1110,1942-07-01,-0.052,-0.062,0.0,-0.58
1111,1942-08-01,-0.09,-0.061,-0.04,-0.552
1112,1942-09-01,-0.033,-0.014,-0.03,-0.521
1113,1942-10-01,-0.008,-0.093,0.01,-0.577
1114,1942-11-01,-0.03,-0.056,0.09,-0.544
1115,1942-12-01,0.015,-0.08,0.12,-0.521
1116,1943-01-01,-0.074,-0.191,-0.01,-0.674
1117,1943-02-01,0.055,-0.027,0.17,-0.575
1118,1943-03-01,-0.137,-0.164,-0.04,-0.676
1119,1943-04-01,0.022,0.022,0.11,-0.474
1120,1943-05-01,0.009,0.033,0.06,-0.54
1121,1943-06-01,-0.006,-0.078,-0.05,-0.672
1122,1943-07-01,0.006,0.021,0.08,-0.486
1123,1943-08-01,0.05,0.031,0.0,-0.503
1124,1943-09-01,0.009,-0.015,0.05,-0.579
1125,1943-10-01,0.282,0.23,0.23,-0.334
1126,1943-11-01,0.123,0.104,0.19,-0.426
1127,1943-12-01,0.135,0.11,0.23,-0.368
1128,1944-01-01,0.255,0.324,0.36,-0.309
1129,1944-02-01,0.16,0.124,0.24,-0.368
1130,1944-03-01,0.173,0.116,0.26,-0.403
1131,1944-04-01,0.065,0.044,0.19,-0.473
1132,1944-05-01,0.135,0.118,0.18,-0.402
1133,1944-06-01,0.044,0.106,0.15,-0.408
1134,1944-07-01,0.131,0.148,0.17,-0.457
1135,1944-08-01,0.193,0.207,0.18,-0.455
1136,1944-09-01,0.235,0.165,0.28,-0.337
1137,1944-10-01,0.252,0.21,0.26,-0.365
1138,1944-11-01,0.045,0.09,0.11,-0.477
1139,1944-12-01,0.127,0.083,0.04,-0.369
1140,1945-01-01,0.083,0.093,0.1,-0.444
1141,1945-02-01,-0.001,0.045,0.01,-0.529
1142,1945-03-01,-0.029,0.035,0.06,-0.529
1143,1945-04-01,0.113,0.209,0.19,-0.322
1144,1945-05-01,-0.014,-0.061,0.06,-0.488
1145,1945-06-01,0.028,-0.04,0.01,-0.461
1146,1945-07-01,0.007,0.003,0.04,-0.567
1147,1945-08-01,0.219,0.238,0.26,-0.276
1148,1945-09-01,0.07,0.104,0.2,-0.468
1149,1945-10-01,0.233,0.093,0.18,-0.452
1150,1945-11-01,0.045,-0.003,0.07,-0.523
1151,1945-12-01,-0.121,-0.201,-0.07,-0.649
1152,1946-01-01,0.038,0.041,0.15,-0.366
1153,1946-02-01,-0.147,-0.124,0.03,-0.626
1154,1946-03-01,-0.043,-0.131,0.01,-0.701
1155,1946-04-01,0.032,-0.005,0.05,-0.568
1156,1946-05-01,0.0,-0.084,-0.07,-0.597
1157,1946-06-01,-0.201,-0.27,-0.21,-0.709
1158,1946-07-01,-0.05,-0.113,-0.12,-0.594
1159,1946-08-01,-0.097,-0.157,-0.2,-0.707
1160,1946-09-01,-0.053,-0.098,-0.08,-0.529
1161,1946-10-01,0.01,-0.071,-0.08,-0.625
1162,1946-11-01,-0.049,-0.114,-0.05,-0.596
1163,1946-12-01,-0.222,-0.347,-0.31,-0.758
1164,1947-01-01,-0.033,-0.157,-0.07,-0.586
1165,1947-02-01,-0.038,-0.146,-0.08,-0.644
1166,1947-03-01,0.101,-0.08,0.06,-0.632
1167,1947-04-01,0.024,-0.062,0.06,-0.546
1168,1947-05-01,-0.035,-0.077,-0.01,-0.589
1169,1947-06-01,0.073,-0.094,-0.02,-0.601
1170,1947-07-01,0.008,-0.071,-0.04,-0.541
1171,1947-08-01,-0.093,-0.119,-0.07,-0.672
1172,1947-09-01,-0.089,-0.167,-0.12,-0.687
1173,1947-10-01,0.089,0.032,0.07,-0.578
1174,1947-11-01,0.018,0.024,0.03,-0.581
1175,1947-12-01,-0.119,-0.236,-0.13,-0.687
1176,1948-01-01,0.006,-0.023,0.06,-0.583
1177,1948-02-01,-0.155,-0.24,-0.15,-0.72
1178,1948-03-01,-0.205,-0.291,-0.24,-0.799
1179,1948-04-01,-0.148,-0.12,-0.12,-0.671
1180,1948-05-01,0.147,0.052,-0.01,-0.448
1181,1948-06-01,0.033,-0.014,-0.05,-0.65
1182,1948-07-01,-0.05,-0.135,-0.11,-0.568
1183,1948-08-01,0.004,-0.049,-0.11,-0.57
1184,1948-09-01,-0.106,-0.14,-0.14,-0.677
1185,1948-10-01,0.013,-0.061,-0.05,-0.589
1186,1948-11-01,-0.152,-0.179,-0.12,-0.644
1187,1948-12-01,-0.26,-0.35,-0.24,-0.839
1188,1949-01-01,0.053,-0.029,0.06,-0.514
1189,1949-02-01,-0.22,-0.248,-0.14,-0.736
1190,1949-03-01,-0.113,-0.12,-0.02,-0.657
1191,1949-04-01,-0.122,-0.157,-0.11,-0.67
1192,1949-05-01,-0.061,-0.119,-0.1,-0.573
1193,1949-06-01,-0.127,-0.243,-0.27,-0.712
1194,1949-07-01,-0.134,-0.191,-0.13,-0.64
1195,1949-08-01,-0.084,-0.086,-0.13,-0.62
1196,1949-09-01,-0.152,-0.137,-0.14,-0.73
1197,1949-10-01,-0.045,-0.101,-0.06,-0.651
1198,1949-11-01,-0.139,-0.194,-0.1,-0.685
1199,1949-12-01,-0.072,-0.223,-0.18,-0.637
1200,1950-01-01,-0.323,-0.312,-0.26,-0.78
1201,1950-02-01,-0.376,-0.382,-0.27,-0.872
1202,1950-03-01,-0.18,-0.23,-0.08,-0.69
1203,1950-04-01,-0.203,-0.254,-0.21,-0.798
1204,1950-05-01,-0.052,-0.156,-0.11,-0.593
1205,1950-06-01,-0.047,-0.116,-0.05,-0.65
1206,1950-07-01,-0.034,-0.121,-0.09,-0.625
1207,1950-08-01,-0.095,-0.168,-0.16,-0.699
1208,1950-09-01,-0.174,-0.258,-0.11,-0.676
1209,1950-10-01,-0.088,-0.214,-0.2,-0.773
1210,1950-11-01,-0.305,-0.395,-0.34,-0.894
1211,1950-12-01,-0.193,-0.27,-0.22,-0.781
1212,1951-01-01,-0.356,-0.373,-0.34,-0.922
1213,1951-02-01,-0.44,-0.521,-0.41,-1.017
1214,1951-03-01,-0.197,-0.276,-0.2,-0.79
1215,1951-04-01,-0.096,-0.12,-0.14,-0.738
1216,1951-05-01,0.078,0.02,0.0,-0.545
1217,1951-06-01,0.138,0.05,-0.06,-0.542
1218,1951-07-01,0.034,0.027,-0.01,-0.554
1219,1951-08-01,0.142,0.111,0.06,-0.453
1220,1951-09-01,0.113,0.121,0.05,-0.459
1221,1951-10-01,0.228,0.116,0.08,-0.442
1222,1951-11-01,0.006,-0.082,-0.01,-0.613
1223,1951-12-01,0.186,0.066,0.16,-0.402
1224,1952-01-01,0.169,0.089,0.11,-0.473
1225,1952-02-01,0.107,0.062,0.11,-0.507
1226,1952-03-01,-0.06,-0.168,-0.08,-0.697
1227,1952-04-01,0.102,0.039,0.03,-0.531
1228,1952-05-01,0.117,0.017,-0.03,-0.566
1229,1952-06-01,0.097,0.015,-0.03,-0.58
1230,1952-07-01,0.116,0.084,0.04,-0.534
1231,1952-08-01,0.132,0.094,0.05,-0.539
1232,1952-09-01,0.138,0.09,0.07,-0.528
1233,1952-10-01,0.096,-0.022,0.0,-0.573
1234,1952-11-01,-0.077,-0.13,-0.13,-0.666
1235,1952-12-01,0.046,-0.041,-0.02,-0.565
1236,1953-01-01,0.063,-0.009,0.07,-0.503
1237,1953-02-01,0.198,0.093,0.15,-0.445
1238,1953-03-01,0.093,0.01,0.11,-0.509
1239,1953-04-01,0.295,0.225,0.19,-0.396
1240,1953-05-01,0.277,0.149,0.11,-0.42
1241,1953-06-01,0.239,0.141,0.12,-0.459
1242,1953-07-01,0.109,0.043,0.01,-0.563
1243,1953-08-01,0.107,0.088,0.05,-0.571
1244,1953-09-01,0.069,0.087,0.04,-0.587
1245,1953-10-01,0.147,0.084,0.08,-0.52
1246,1953-11-01,0.008,-0.007,-0.03,-0.6
1247,1953-12-01,0.153,0.021,0.05,-0.504
1248,1954-01-01,-0.178,-0.244,-0.24,-0.746
1249,1954-02-01,-0.039,-0.09,-0.1,-0.646
1250,1954-03-01,-0.077,-0.183,-0.15,-0.751
1251,1954-04-01,-0.12,-0.116,-0.14,-0.775
1252,1954-05-01,-0.105,-0.171,-0.2,-0.738
1253,1954-06-01,0.01,-0.132,-0.19,-0.668
1254,1954-07-01,-0.06,-0.198,-0.19,-0.686
1255,1954-08-01,-0.086,-0.102,-0.17,-0.668
1256,1954-09-01,-0.126,-0.115,-0.1,-0.703
1257,1954-10-01,0.081,-0.012,-0.02,-0.604
1258,1954-11-01,0.104,0.117,0.08,-0.533
1259,1954-12-01,-0.073,-0.165,-0.18,-0.676
1260,1955-01-01,0.145,0.107,0.13,-0.437
1261,1955-02-01,-0.189,-0.193,-0.16,-0.813
1262,1955-03-01,-0.333,-0.399,-0.32,-0.919
1263,1955-04-01,-0.217,-0.231,-0.22,-0.805
1264,1955-05-01,-0.215,-0.238,-0.2,-0.755
1265,1955-06-01,-0.11,-0.179,-0.13,-0.702
1266,1955-07-01,-0.151,-0.21,-0.11,-0.71
1267,1955-08-01,0.139,-0.09,0.02,-0.541
1268,1955-09-01,-0.117,-0.144,-0.11,-0.71
1269,1955-10-01,-0.049,-0.116,-0.05,-0.678
1270,1955-11-01,-0.248,-0.325,-0.25,-0.872
1271,1955-12-01,-0.274,-0.368,-0.28,-0.891
1272,1956-01-01,-0.117,-0.239,-0.13,-0.714
1273,1956-02-01,-0.213,-0.288,-0.24,-0.796
1274,1956-03-01,-0.286,-0.362,-0.21,-0.819
1275,1956-04-01,-0.262,-0.309,-0.28,-0.856
1276,1956-05-01,-0.259,-0.336,-0.29,-0.834
1277,1956-06-01,-0.183,-0.229,-0.15,-0.738
1278,1956-07-01,-0.112,-0.21,-0.09,-0.691
1279,1956-08-01,-0.284,-0.291,-0.25,-0.843
1280,1956-09-01,-0.253,-0.274,-0.19,-0.799
1281,1956-10-01,-0.2,-0.264,-0.23,-0.849
1282,1956-11-01,-0.175,-0.22,-0.15,-0.743
1283,1956-12-01,-0.02,-0.158,-0.07,-0.612
1284,1957-01-01,-0.144,-0.219,-0.09,-0.651
1285,1957-02-01,-0.1,-0.159,-0.03,-0.7
1286,1957-03-01,-0.128,-0.199,-0.05,-0.745
1287,1957-04-01,-0.0,-0.041,0.0,-0.583
1288,1957-05-01,0.118,0.034,0.09,-0.492
1289,1957-06-01,0.178,0.065,0.15,-0.458
1290,1957-07-01,-0.003,-0.062,0.02,-0.515
1291,1957-08-01,0.107,0.072,0.15,-0.453
1292,1957-09-01,0.033,0.041,0.09,-0.495
1293,1957-10-01,0.108,-0.0,0.01,-0.519
1294,1957-11-01,0.075,-0.004,0.08,-0.551
1295,1957-12-01,0.125,0.052,0.15,-0.455
1296,1958-01-01,0.307,0.258,0.39,-0.255
1297,1958-02-01,0.159,0.091,0.22,-0.446
1298,1958-03-01,0.087,0.006,0.09,-0.524
1299,1958-04-01,0.002,-0.068,0.01,-0.562
1300,1958-05-01,0.038,0.017,0.06,-0.495
1301,1958-06-01,-0.053,-0.154,-0.09,-0.574
1302,1958-07-01,0.029,-0.018,0.05,-0.486
1303,1958-08-01,-0.027,-0.082,-0.05,-0.581
1304,1958-09-01,-0.099,-0.112,-0.03,-0.639
1305,1958-10-01,0.053,-0.017,0.04,-0.58
1306,1958-11-01,0.025,-0.037,0.02,-0.611
1307,1958-12-01,0.061,-0.082,0.01,-0.489
1308,1959-01-01,0.062,0.015,0.08,-0.49
1309,1959-02-01,0.002,-0.007,0.07,-0.538
1310,1959-03-01,0.107,0.018,0.18,-0.451
1311,1959-04-01,0.147,0.029,0.16,-0.467
1312,1959-05-01,0.049,-0.039,0.04,-0.486
1313,1959-06-01,0.067,-0.001,0.03,-0.497
1314,1959-07-01,0.059,-0.04,0.03,-0.521
1315,1959-08-01,-0.003,-0.038,-0.01,-0.536
1316,1959-09-01,-0.072,-0.14,-0.06,-0.585
1317,1959-10-01,0.021,-0.07,-0.07,-0.598
1318,1959-11-01,-0.137,-0.183,-0.08,-0.639
1319,1959-12-01,0.011,-0.102,0.0,-0.535
1320,1960-01-01,-0.04,-0.113,0.0,-0.598
1321,1960-02-01,0.096,0.024,0.13,-0.484
1322,1960-03-01,-0.35,-0.444,-0.35,-0.905
1323,1960-04-01,-0.188,-0.261,-0.15,-0.743
1324,1960-05-01,-0.081,-0.176,-0.08,-0.682
1325,1960-06-01,-0.022,-0.124,-0.04,-0.615
1326,1960-07-01,-0.025,-0.111,-0.04,-0.553
1327,1960-08-01,0.04,-0.001,0.02,-0.578
1328,1960-09-01,0.011,0.005,0.07,-0.552
1329,1960-10-01,0.038,-0.029,0.06,-0.58
1330,1960-11-01,-0.162,-0.214,-0.11,-0.734
1331,1960-12-01,0.173,0.084,0.19,-0.382
1332,1961-01-01,0.042,-0.046,0.07,-0.514
1333,1961-02-01,0.133,0.097,0.19,-0.478
1334,1961-03-01,0.009,-0.055,0.09,-0.565
1335,1961-04-01,0.139,0.066,0.13,-0.476
1336,1961-05-01,0.146,0.074,0.12,-0.435
1337,1961-06-01,0.16,0.092,0.12,-0.45
1338,1961-07-01,0.026,-0.033,0.01,-0.51
1339,1961-08-01,0.036,-0.008,0.01,-0.535
1340,1961-09-01,-0.001,-0.025,0.08,-0.555
1341,1961-10-01,0.026,-0.06,0.0,-0.592
1342,1961-11-01,0.015,-0.027,0.03,-0.563
1343,1961-12-01,-0.135,-0.248,-0.16,-0.707
1344,1962-01-01,0.026,-0.052,0.05,-0.549
1345,1962-02-01,0.104,0.019,0.15,-0.479
1346,1962-03-01,0.098,0.024,0.1,-0.514
1347,1962-04-01,0.018,-0.017,0.05,-0.554
1348,1962-05-01,-0.148,-0.175,-0.06,-0.646
1349,1962-06-01,-0.034,-0.051,0.03,-0.59
1350,1962-07-01,-0.05,-0.106,0.02,-0.576
1351,1962-08-01,-0.054,-0.106,-0.01,-0.621
1352,1962-09-01,-0.076,-0.07,0.0,-0.63
1353,1962-10-01,-0.005,-0.036,0.01,-0.578
1354,1962-11-01,0.014,-0.016,0.06,-0.491
1355,1962-12-01,-0.019,-0.122,-0.03,-0.58
1356,1963-01-01,-0.047,-0.114,-0.03,-0.623
1357,1963-02-01,0.105,0.045,0.18,-0.462
1358,1963-03-01,-0.272,-0.337,-0.14,-0.779
1359,1963-04-01,-0.112,-0.175,-0.07,-0.662
1360,1963-05-01,-0.099,-0.142,-0.06,-0.597
1361,1963-06-01,-0.01,-0.063,0.05,-0.573
1362,1963-07-01,0.133,0.065,0.06,-0.515
1363,1963-08-01,0.273,0.152,0.22,-0.434
1364,1963-09-01,0.17,0.127,0.17,-0.444
1365,1963-10-01,0.178,0.07,0.15,-0.466
1366,1963-11-01,0.141,0.051,0.15,-0.513
1367,1963-12-01,0.059,-0.057,-0.03,-0.542
1368,1964-01-01,-0.101,-0.187,-0.09,-0.674
1369,1964-02-01,-0.141,-0.22,-0.1,-0.725
1370,1964-03-01,-0.328,-0.379,-0.21,-0.872
1371,1964-04-01,-0.353,-0.438,-0.32,-0.885
1372,1964-05-01,-0.296,-0.37,-0.25,-0.793
1373,1964-06-01,-0.044,-0.166,-0.04,-0.639
1374,1964-07-01,-0.069,-0.197,-0.04,-0.667
1375,1964-08-01,-0.193,-0.296,-0.22,-0.759
1376,1964-09-01,-0.325,-0.4,-0.29,-0.887
1377,1964-10-01,-0.261,-0.309,-0.31,-0.861
1378,1964-11-01,-0.265,-0.295,-0.21,-0.859
1379,1964-12-01,-0.3,-0.369,-0.3,-0.845
1380,1965-01-01,-0.083,-0.159,-0.08,-0.694
1381,1965-02-01,-0.178,-0.262,-0.17,-0.804
1382,1965-03-01,-0.194,-0.257,-0.13,-0.801
1383,1965-04-01,-0.224,-0.298,-0.19,-0.804
1384,1965-05-01,-0.118,-0.188,-0.12,-0.678
1385,1965-06-01,-0.117,-0.205,-0.08,-0.673
1386,1965-07-01,-0.131,-0.265,-0.13,-0.683
1387,1965-08-01,-0.078,-0.159,-0.04,-0.644
1388,1965-09-01,-0.194,-0.244,-0.15,-0.693
1389,1965-10-01,0.014,-0.104,-0.05,-0.593
1390,1965-11-01,-0.068,-0.143,-0.06,-0.604
1391,1965-12-01,-0.036,-0.144,-0.08,-0.616
1392,1966-01-01,-0.167,-0.281,-0.19,-0.763
1393,1966-02-01,-0.068,-0.162,-0.04,-0.68
1394,1966-03-01,-0.074,-0.17,0.04,-0.693
1395,1966-04-01,-0.075,-0.169,-0.13,-0.704
1396,1966-05-01,-0.122,-0.215,-0.12,-0.652
1397,1966-06-01,0.019,-0.101,0.01,-0.554
1398,1966-07-01,0.086,0.005,0.08,-0.46
1399,1966-08-01,-0.046,-0.097,-0.09,-0.609
1400,1966-09-01,-0.025,-0.082,-0.03,-0.601
1401,1966-10-01,-0.144,-0.231,-0.17,-0.758
1402,1966-11-01,-0.052,-0.104,0.0,-0.637
1403,1966-12-01,-0.035,-0.138,-0.02,-0.622
1404,1967-01-01,-0.117,-0.217,-0.07,-0.735
1405,1967-02-01,-0.257,-0.325,-0.21,-0.847
1406,1967-03-01,-0.041,-0.094,0.05,-0.612
1407,1967-04-01,-0.056,-0.132,-0.05,-0.639
1408,1967-05-01,0.151,0.061,0.12,-0.4
1409,1967-06-01,-0.044,-0.108,-0.08,-0.612
1410,1967-07-01,0.01,-0.067,0.02,-0.584
1411,1967-08-01,-0.015,-0.098,0.01,-0.603
1412,1967-09-01,-0.058,-0.122,-0.06,-0.591
1413,1967-10-01,0.034,-0.017,0.09,-0.501
1414,1967-11-01,-0.118,-0.119,-0.05,-0.654
1415,1967-12-01,-0.065,-0.151,-0.05,-0.59
1416,1968-01-01,-0.25,-0.318,-0.26,-0.794
1417,1968-02-01,-0.197,-0.261,-0.14,-0.784
1418,1968-03-01,0.072,0.001,0.2,-0.497
1419,1968-04-01,-0.116,-0.177,-0.06,-0.671
1420,1968-05-01,-0.162,-0.222,-0.14,-0.657
1421,1968-06-01,-0.043,-0.148,-0.09,-0.591
1422,1968-07-01,-0.167,-0.192,-0.13,-0.644
1423,1968-08-01,-0.095,-0.124,-0.09,-0.592
1424,1968-09-01,-0.173,-0.221,-0.19,-0.692
1425,1968-10-01,0.075,0.012,0.09,-0.549
1426,1968-11-01,-0.1,-0.131,-0.05,-0.721
1427,1968-12-01,-0.104,-0.187,-0.14,-0.701
1428,1969-01-01,-0.102,-0.158,-0.11,-0.694
1429,1969-02-01,-0.152,-0.193,-0.18,-0.719
1430,1969-03-01,-0.069,-0.129,0.01,-0.622
1431,1969-04-01,0.109,0.051,0.17,-0.463
1432,1969-05-01,0.156,0.067,0.18,-0.38
1433,1969-06-01,0.085,0.01,0.03,-0.482
1434,1969-07-01,-0.034,-0.104,-0.05,-0.56
1435,1969-08-01,0.007,-0.068,0.04,-0.544
1436,1969-09-01,0.045,-0.009,0.08,-0.506
1437,1969-10-01,0.101,0.004,0.09,-0.474
1438,1969-11-01,0.081,0.026,0.12,-0.46
1439,1969-12-01,0.242,0.171,0.24,-0.304
1440,1970-01-01,0.095,0.015,0.08,-0.452
1441,1970-02-01,0.122,0.064,0.22,-0.455
1442,1970-03-01,-0.013,-0.089,0.06,-0.579
1443,1970-04-01,0.034,-0.078,0.05,-0.534
1444,1970-05-01,-0.037,-0.141,-0.03,-0.57
1445,1970-06-01,-0.035,-0.136,-0.02,-0.586
1446,1970-07-01,-0.006,-0.11,0.02,-0.528
1447,1970-08-01,-0.137,-0.197,-0.1,-0.658
1448,1970-09-01,0.051,-0.029,0.12,-0.542
1449,1970-10-01,0.018,-0.059,0.03,-0.644
1450,1970-11-01,-0.072,-0.059,0.02,-0.586
1451,1970-12-01,-0.14,-0.19,-0.12,-0.714
1452,1971-01-01,-0.081,-0.141,-0.02,-0.684
1453,1971-02-01,-0.204,-0.272,-0.15,-0.811
1454,1971-03-01,-0.253,-0.337,-0.18,-0.792
1455,1971-04-01,-0.122,-0.232,-0.07,-0.709
1456,1971-05-01,-0.065,-0.196,-0.05,-0.633
1457,1971-06-01,-0.116,-0.258,-0.16,-0.713
1458,1971-07-01,-0.131,-0.182,-0.08,-0.617
1459,1971-08-01,-0.128,-0.179,-0.01,-0.636
1460,1971-09-01,-0.06,-0.122,-0.05,-0.568
1461,1971-10-01,-0.06,-0.154,-0.04,-0.722
1462,1971-11-01,-0.099,-0.149,-0.07,-0.707
1463,1971-12-01,-0.137,-0.227,-0.08,-0.674
1464,1972-01-01,-0.266,-0.375,-0.23,-0.777
1465,1972-02-01,-0.234,-0.276,-0.18,-0.783
1466,1972-03-01,-0.025,-0.14,0.02,-0.591
1467,1972-04-01,-0.005,-0.125,0.0,-0.596
1468,1972-05-01,-0.003,-0.079,-0.03,-0.568
1469,1972-06-01,0.097,-0.03,0.04,-0.471
1470,1972-07-01,0.004,-0.089,0.01,-0.496
1471,1972-08-01,0.15,0.067,0.16,-0.38
1472,1972-09-01,0.05,-0.049,0.02,-0.514
1473,1972-10-01,0.073,-0.052,0.08,-0.505
1474,1972-11-01,-0.017,-0.048,0.02,-0.581
1475,1972-12-01,0.227,0.114,0.18,-0.371
1476,1973-01-01,0.233,0.104,0.29,-0.327
1477,1973-02-01,0.249,0.162,0.32,-0.333
1478,1973-03-01,0.174,0.119,0.29,-0.4
1479,1973-04-01,0.245,0.196,0.27,-0.32
1480,1973-05-01,0.228,0.111,0.23,-0.357
1481,1973-06-01,0.234,0.107,0.19,-0.331
1482,1973-07-01,0.126,0.02,0.12,-0.44
1483,1973-08-01,0.059,-0.021,0.05,-0.514
1484,1973-09-01,0.044,-0.032,0.09,-0.52
1485,1973-10-01,0.067,0.015,0.1,-0.533
1486,1973-11-01,0.027,-0.023,0.04,-0.584
1487,1973-12-01,-0.014,-0.127,-0.07,-0.595
1488,1974-01-01,-0.179,-0.281,-0.1,-0.696
1489,1974-02-01,-0.323,-0.443,-0.27,-0.897
1490,1974-03-01,-0.153,-0.236,-0.05,-0.73
1491,1974-04-01,-0.13,-0.198,-0.11,-0.677
1492,1974-05-01,-0.062,-0.128,-0.04,-0.565
1493,1974-06-01,-0.011,-0.112,-0.05,-0.578
1494,1974-07-01,-0.056,-0.132,-0.03,-0.556
1495,1974-08-01,0.13,0.027,0.1,-0.475
1496,1974-09-01,-0.053,-0.087,-0.08,-0.64
1497,1974-10-01,-0.061,-0.108,-0.06,-0.642
1498,1974-11-01,-0.104,-0.119,-0.08,-0.702
1499,1974-12-01,-0.109,-0.207,-0.08,-0.704
1500,1975-01-01,-0.014,-0.09,0.1,-0.585
1501,1975-02-01,0.063,-0.018,0.08,-0.561
1502,1975-03-01,0.075,-0.005,0.12,-0.533
1503,1975-04-01,0.06,-0.045,0.04,-0.56
1504,1975-05-01,0.138,0.057,0.16,-0.463
1505,1975-06-01,0.02,-0.056,-0.01,-0.523
1506,1975-07-01,-0.008,-0.1,-0.01,-0.561
1507,1975-08-01,-0.163,-0.228,-0.17,-0.707
1508,1975-09-01,-0.055,-0.135,-0.02,-0.596
1509,1975-10-01,-0.11,-0.148,-0.11,-0.76
1510,1975-11-01,-0.233,-0.257,-0.17,-0.782
1511,1975-12-01,-0.119,-0.245,-0.17,-0.721
1512,1976-01-01,-0.085,-0.165,-0.03,-0.641
1513,1976-02-01,-0.161,-0.226,-0.06,-0.719
1514,1976-03-01,-0.292,-0.332,-0.21,-0.837
1515,1976-04-01,-0.122,-0.18,-0.07,-0.649
1516,1976-05-01,-0.254,-0.355,-0.2,-0.754
1517,1976-06-01,-0.097,-0.231,-0.12,-0.641
1518,1976-07-01,-0.024,-0.168,-0.1,-0.557
1519,1976-08-01,-0.094,-0.238,-0.12,-0.643
1520,1976-09-01,-0.025,-0.148,-0.06,-0.589
1521,1976-10-01,-0.21,-0.33,-0.24,-0.831
1522,1976-11-01,-0.068,-0.132,-0.06,-0.686
1523,1976-12-01,0.123,-0.025,0.11,-0.471
1524,1977-01-01,0.234,0.155,0.18,-0.406
1525,1977-02-01,0.19,0.109,0.23,-0.468
1526,1977-03-01,0.156,0.08,0.24,-0.46
1527,1977-04-01,0.226,0.136,0.26,-0.386
1528,1977-05-01,0.311,0.228,0.33,-0.304
1529,1977-06-01,0.324,0.21,0.27,-0.295
1530,1977-07-01,0.252,0.143,0.2,-0.331
1531,1977-08-01,0.274,0.133,0.18,-0.367
1532,1977-09-01,0.104,-0.001,0.02,-0.486
1533,1977-10-01,0.125,-0.015,0.03,-0.519
1534,1977-11-01,0.194,0.122,0.16,-0.4
1535,1977-12-01,0.085,-0.039,0.03,-0.495
1536,1978-01-01,0.066,0.037,0.06,-0.493
1537,1978-02-01,0.133,0.075,0.1,-0.49
1538,1978-03-01,0.126,0.06,0.19,-0.455
1539,1978-04-01,0.129,0.053,0.17,-0.49
1540,1978-05-01,0.143,0.014,0.09,-0.473
1541,1978-06-01,0.031,-0.054,-0.01,-0.539
1542,1978-07-01,0.144,0.015,0.04,-0.449
1543,1978-08-01,-0.134,-0.217,-0.14,-0.649
1544,1978-09-01,0.098,0.037,0.06,-0.453
1545,1978-10-01,0.036,-0.06,0.03,-0.547
1546,1978-11-01,0.145,0.094,0.13,-0.419
1547,1978-12-01,0.115,0.011,0.08,-0.469
1548,1979-01-01,0.114,0.048,0.09,-0.445
1549,1979-02-01,-0.102,-0.181,-0.1,-0.682
1550,1979-03-01,0.142,0.063,0.19,-0.503
1551,1979-04-01,0.136,0.074,0.15,-0.555
1552,1979-05-01,0.078,-0.026,0.03,-0.465
1553,1979-06-01,0.119,0.046,0.14,-0.401
1554,1979-07-01,0.06,0.016,0.04,-0.469
1555,1979-08-01,0.166,0.114,0.17,-0.399
1556,1979-09-01,0.235,0.171,0.25,-0.334
1557,1979-10-01,0.276,0.143,0.26,-0.346
1558,1979-11-01,0.261,0.205,0.28,-0.331
1559,1979-12-01,0.5,0.384,0.48,-0.097
1560,1980-01-01,0.353,0.249,0.29,-0.27
1561,1980-02-01,0.422,0.355,0.39,-0.213
1562,1980-03-01,0.328,0.21,0.29,-0.336
1563,1980-04-01,0.382,0.23,0.3,-0.32
1564,1980-05-01,0.369,0.242,0.35,-0.222
1565,1980-06-01,0.245,0.126,0.2,-0.334
1566,1980-07-01,0.345,0.202,0.22,-0.289
1567,1980-08-01,0.306,0.161,0.18,-0.342
1568,1980-09-01,0.231,0.122,0.2,-0.385
1569,1980-10-01,0.176,0.091,0.13,-0.429
1570,1980-11-01,0.258,0.203,0.29,-0.346
1571,1980-12-01,0.202,0.107,0.21,-0.36
1572,1981-01-01,0.508,0.442,0.53,-0.094
1573,1981-02-01,0.382,0.337,0.42,-0.239
1574,1981-03-01,0.415,0.326,0.48,-0.21
1575,1981-04-01,0.287,0.193,0.32,-0.312
1576,1981-05-01,0.238,0.142,0.24,-0.315
1577,1981-06-01,0.369,0.24,0.29,-0.297
1578,1981-07-01,0.353,0.266,0.32,-0.305
1579,1981-08-01,0.393,0.307,0.35,-0.256
1580,1981-09-01,0.234,0.137,0.14,-0.4
1581,1981-10-01,0.192,0.052,0.12,-0.383
1582,1981-11-01,0.215,0.159,0.23,-0.364
1583,1981-12-01,0.468,0.362,0.41,-0.159
1584,1982-01-01,0.081,-0.033,0.05,-0.526
1585,1982-02-01,0.118,0.063,0.15,-0.472
1586,1982-03-01,-0.071,-0.14,0.03,-0.635
1587,1982-04-01,0.047,0.02,0.15,-0.49
1588,1982-05-01,0.159,0.087,0.18,-0.409
1589,1982-06-01,0.132,-0.004,0.05,-0.494
1590,1982-07-01,0.186,0.073,0.14,-0.377
1591,1982-08-01,0.086,-0.048,0.03,-0.497
1592,1982-09-01,0.153,0.012,0.14,-0.44
1593,1982-10-01,0.175,0.039,0.13,-0.459
1594,1982-11-01,0.107,0.027,0.18,-0.48
1595,1982-12-01,0.396,0.276,0.43,-0.169
1596,1983-01-01,0.43,0.358,0.53,-0.141
1597,1983-02-01,0.398,0.333,0.43,-0.199
1598,1983-03-01,0.336,0.245,0.41,-0.271
1599,1983-04-01,0.275,0.173,0.28,-0.38
1600,1983-05-01,0.372,0.219,0.34,-0.236
1601,1983-06-01,0.281,0.163,0.22,-0.322
1602,1983-07-01,0.202,0.11,0.18,-0.38
1603,1983-08-01,0.356,0.28,0.35,-0.253
1604,1983-09-01,0.394,0.323,0.37,-0.22
1605,1983-10-01,0.187,0.111,0.17,-0.395
1606,1983-11-01,0.284,0.242,0.3,-0.277
1607,1983-12-01,0.198,0.092,0.16,-0.369
1608,1984-01-01,0.225,0.152,0.31,-0.335
1609,1984-02-01,0.101,0.024,0.14,-0.464
1610,1984-03-01,0.233,0.144,0.26,-0.397
1611,1984-04-01,0.118,0.009,0.06,-0.513
1612,1984-05-01,0.341,0.212,0.33,-0.247
1613,1984-06-01,0.068,-0.039,0.02,-0.486
1614,1984-07-01,0.092,0.021,0.19,-0.416
1615,1984-08-01,0.197,0.091,0.19,-0.399
1616,1984-09-01,0.216,0.124,0.21,-0.385
1617,1984-10-01,0.142,0.036,0.13,-0.47
1618,1984-11-01,0.016,-0.061,0.06,-0.557
1619,1984-12-01,-0.048,-0.162,-0.04,-0.591
1620,1985-01-01,0.239,0.112,0.22,-0.34
1621,1985-02-01,-0.042,-0.104,-0.04,-0.611
1622,1985-03-01,0.117,0.038,0.17,-0.46
1623,1985-04-01,0.1,-0.001,0.12,-0.505
1624,1985-05-01,0.156,0.062,0.14,-0.4
1625,1985-06-01,0.167,0.118,0.15,-0.402
1626,1985-07-01,0.029,-0.027,0.04,-0.543
1627,1985-08-01,0.187,0.139,0.16,-0.421
1628,1985-09-01,0.112,0.115,0.13,-0.446
1629,1985-10-01,0.147,0.035,0.12,-0.48
1630,1985-11-01,0.052,0.012,0.05,-0.527
1631,1985-12-01,0.177,0.052,0.14,-0.417
1632,1986-01-01,0.192,0.113,0.26,-0.361
1633,1986-02-01,0.384,0.303,0.37,-0.251
1634,1986-03-01,0.211,0.131,0.3,-0.351
1635,1986-04-01,0.36,0.127,0.22,-0.382
1636,1986-05-01,0.461,0.138,0.21,-0.332
1637,1986-06-01,0.131,0.037,0.12,-0.407
1638,1986-07-01,0.131,0.038,0.11,-0.404
1639,1986-08-01,0.184,0.088,0.15,-0.396
1640,1986-09-01,0.109,0.021,0.03,-0.472
1641,1986-10-01,0.171,0.05,0.15,-0.444
1642,1986-11-01,0.109,0.036,0.1,-0.467
1643,1986-12-01,0.17,0.026,0.13,-0.403
1644,1987-01-01,0.3,0.213,0.32,-0.279
1645,1987-02-01,0.38,0.313,0.43,-0.269
1646,1987-03-01,0.15,0.098,0.18,-0.465
1647,1987-04-01,0.232,0.185,0.24,-0.36
1648,1987-05-01,0.242,0.162,0.25,-0.289
1649,1987-06-01,0.396,0.26,0.35,-0.244
1650,1987-07-01,0.478,0.343,0.4,-0.117
1651,1987-08-01,0.336,0.208,0.24,-0.301
1652,1987-09-01,0.37,0.259,0.35,-0.221
1653,1987-10-01,0.318,0.267,0.33,-0.286
1654,1987-11-01,0.225,0.183,0.29,-0.367
1655,1987-12-01,0.485,0.366,0.46,-0.163
1656,1988-01-01,0.49,0.453,0.56,-0.101
1657,1988-02-01,0.363,0.327,0.44,-0.198
1658,1988-03-01,0.413,0.381,0.51,-0.173
1659,1988-04-01,0.432,0.322,0.42,-0.209
1660,1988-05-01,0.407,0.314,0.44,-0.15
1661,1988-06-01,0.431,0.329,0.4,-0.163
1662,1988-07-01,0.346,0.252,0.33,-0.231
1663,1988-08-01,0.427,0.254,0.39,-0.203
1664,1988-09-01,0.388,0.253,0.37,-0.246
1665,1988-10-01,0.354,0.252,0.37,-0.278
1666,1988-11-01,0.107,0.024,0.12,-0.474
1667,1988-12-01,0.277,0.171,0.29,-0.32
1668,1989-01-01,0.021,-0.031,0.12,-0.522
1669,1989-02-01,0.3,0.234,0.29,-0.339
1670,1989-03-01,0.247,0.181,0.36,-0.363
1671,1989-04-01,0.271,0.145,0.29,-0.366
1672,1989-05-01,0.112,0.034,0.17,-0.411
1673,1989-06-01,0.181,0.093,0.15,-0.396
1674,1989-07-01,0.327,0.259,0.34,-0.291
1675,1989-08-01,0.323,0.25,0.33,-0.294
1676,1989-09-01,0.341,0.293,0.34,-0.246
1677,1989-10-01,0.335,0.254,0.29,-0.306
1678,1989-11-01,0.172,0.109,0.2,-0.457
1679,1989-12-01,0.416,0.279,0.37,-0.196
1680,1990-01-01,0.381,0.28,0.41,-0.248
1681,1990-02-01,0.369,0.273,0.43,-0.268
1682,1990-03-01,0.699,0.628,0.8,0.029
1683,1990-04-01,0.582,0.49,0.56,-0.065
1684,1990-05-01,0.511,0.401,0.45,-0.112
1685,1990-06-01,0.403,0.311,0.37,-0.226
1686,1990-07-01,0.476,0.374,0.46,-0.186
1687,1990-08-01,0.358,0.274,0.34,-0.262
1688,1990-09-01,0.314,0.213,0.23,-0.292
1689,1990-10-01,0.464,0.38,0.44,-0.211
1690,1990-11-01,0.419,0.353,0.46,-0.233
1691,1990-12-01,0.419,0.283,0.4,-0.199
1692,1991-01-01,0.399,0.297,0.42,-0.211
1693,1991-02-01,0.481,0.4,0.49,-0.167
1694,1991-03-01,0.329,0.241,0.35,-0.307
1695,1991-04-01,0.525,0.432,0.51,-0.123
1696,1991-05-01,0.422,0.308,0.34,-0.171
1697,1991-06-01,0.56,0.429,0.53,-0.059
1698,1991-07-01,0.528,0.463,0.47,-0.099
1699,1991-08-01,0.469,0.361,0.39,-0.193
1700,1991-09-01,0.436,0.347,0.44,-0.182
1701,1991-10-01,0.366,0.245,0.29,-0.283
1702,1991-11-01,0.318,0.249,0.29,-0.328
1703,1991-12-01,0.365,0.233,0.31,-0.317
1704,1992-01-01,0.471,0.357,0.47,-0.167
1705,1992-02-01,0.412,0.343,0.4,-0.215
1706,1992-03-01,0.425,0.305,0.48,-0.203
1707,1992-04-01,0.286,0.156,0.27,-0.362
1708,1992-05-01,0.3,0.164,0.31,-0.264
1709,1992-06-01,0.304,0.152,0.26,-0.313
1710,1992-07-01,0.155,0.003,0.09,-0.449
1711,1992-08-01,0.133,0.035,0.08,-0.472
1712,1992-09-01,0.003,-0.096,-0.01,-0.566
1713,1992-10-01,0.09,-0.029,0.07,-0.536
1714,1992-11-01,0.019,-0.04,0.03,-0.551
1715,1992-12-01,0.218,0.09,0.21,-0.406
1716,1993-01-01,0.357,0.257,0.34,-0.272
1717,1993-02-01,0.395,0.274,0.37,-0.258
1718,1993-03-01,0.322,0.233,0.36,-0.313
1719,1993-04-01,0.297,0.191,0.28,-0.334
1720,1993-05-01,0.294,0.191,0.28,-0.304
1721,1993-06-01,0.321,0.161,0.23,-0.306
1722,1993-07-01,0.283,0.156,0.25,-0.342
1723,1993-08-01,0.219,0.078,0.11,-0.404
1724,1993-09-01,0.171,0.041,0.11,-0.422
1725,1993-10-01,0.274,0.148,0.24,-0.353
1726,1993-11-01,0.109,0.06,0.03,-0.521
1727,1993-12-01,0.214,0.143,0.18,-0.377
1728,1994-01-01,0.244,0.192,0.26,-0.368
1729,1994-02-01,0.061,0.002,0.02,-0.594
1730,1994-03-01,0.305,0.234,0.29,-0.357
1731,1994-04-01,0.382,0.246,0.41,-0.255
1732,1994-05-01,0.317,0.198,0.28,-0.25
1733,1994-06-01,0.444,0.312,0.43,-0.192
1734,1994-07-01,0.322,0.177,0.3,-0.267
1735,1994-08-01,0.25,0.168,0.21,-0.327
1736,1994-09-01,0.375,0.265,0.31,-0.25
1737,1994-10-01,0.472,0.342,0.42,-0.182
1738,1994-11-01,0.424,0.35,0.44,-0.2
1739,1994-12-01,0.372,0.243,0.38,-0.241
1740,1995-01-01,0.503,0.411,0.52,-0.109
1741,1995-02-01,0.743,0.633,0.79,0.08
1742,1995-03-01,0.455,0.351,0.46,-0.187
1743,1995-04-01,0.514,0.416,0.46,-0.157
1744,1995-05-01,0.341,0.259,0.27,-0.254
1745,1995-06-01,0.546,0.375,0.43,-0.124
1746,1995-07-01,0.571,0.437,0.45,-0.069
1747,1995-08-01,0.541,0.387,0.45,-0.086
1748,1995-09-01,0.384,0.275,0.33,-0.208
1749,1995-10-01,0.535,0.376,0.46,-0.183
1750,1995-11-01,0.47,0.367,0.44,-0.177
1751,1995-12-01,0.316,0.167,0.26,-0.309
1752,1996-01-01,0.3,0.209,0.24,-0.34
1753,1996-02-01,0.545,0.454,0.46,-0.161
1754,1996-03-01,0.392,0.277,0.32,-0.286
1755,1996-04-01,0.38,0.243,0.33,-0.296
1756,1996-05-01,0.292,0.234,0.27,-0.252
1757,1996-06-01,0.291,0.213,0.25,-0.304
1758,1996-07-01,0.405,0.322,0.36,-0.191
1759,1996-08-01,0.525,0.351,0.48,-0.163
1760,1996-09-01,0.284,0.201,0.25,-0.318
1761,1996-10-01,0.233,0.122,0.22,-0.396
1762,1996-11-01,0.43,0.308,0.41,-0.224
1763,1996-12-01,0.446,0.315,0.37,-0.238
1764,1997-01-01,0.313,0.242,0.32,-0.356
1765,1997-02-01,0.381,0.288,0.4,-0.3
1766,1997-03-01,0.521,0.387,0.52,-0.16
1767,1997-04-01,0.422,0.367,0.33,-0.236
1768,1997-05-01,0.392,0.31,0.34,-0.196
1769,1997-06-01,0.606,0.486,0.54,-0.017
1770,1997-07-01,0.424,0.343,0.34,-0.169
1771,1997-08-01,0.461,0.404,0.41,-0.126
1772,1997-09-01,0.551,0.463,0.52,-0.007
1773,1997-10-01,0.694,0.566,0.61,0.02
1774,1997-11-01,0.698,0.607,0.64,0.007
1775,1997-12-01,0.647,0.517,0.59,-0.036
1776,1998-01-01,0.594,0.557,0.58,-0.041
1777,1998-02-01,0.836,0.791,0.88,0.147
1778,1998-03-01,0.626,0.58,0.63,-0.059
1779,1998-04-01,0.735,0.642,0.63,0.079
1780,1998-05-01,0.738,0.632,0.68,0.086
1781,1998-06-01,0.779,0.663,0.77,0.109
1782,1998-07-01,0.758,0.655,0.66,0.11
1783,1998-08-01,0.766,0.647,0.65,0.116
1784,1998-09-01,0.482,0.43,0.42,-0.115
1785,1998-10-01,0.47,0.41,0.42,-0.185
1786,1998-11-01,0.45,0.375,0.43,-0.19
1787,1998-12-01,0.598,0.48,0.54,-0.033
1788,1999-01-01,0.458,0.382,0.48,-0.197
1789,1999-02-01,0.654,0.595,0.64,-0.003
1790,1999-03-01,0.328,0.25,0.32,-0.315
1791,1999-04-01,0.363,0.262,0.32,-0.279
1792,1999-05-01,0.314,0.241,0.26,-0.278
1793,1999-06-01,0.437,0.319,0.36,-0.191
1794,1999-07-01,0.396,0.307,0.39,-0.199
1795,1999-08-01,0.372,0.299,0.31,-0.217
1796,1999-09-01,0.418,0.271,0.39,-0.166
1797,1999-10-01,0.409,0.303,0.34,-0.26
1798,1999-11-01,0.379,0.279,0.37,-0.231
1799,1999-12-01,0.455,0.309,0.4,-0.157
1800,2000-01-01,0.273,0.173,0.25,-0.315
1801,2000-02-01,0.533,0.489,0.56,-0.109
1802,2000-03-01,0.499,0.437,0.55,-0.158
1803,2000-04-01,0.569,0.527,0.56,-0.049
1804,2000-05-01,0.348,0.299,0.35,-0.221
1805,2000-06-01,0.422,0.345,0.4,-0.184
1806,2000-07-01,0.389,0.325,0.39,-0.174
1807,2000-08-01,0.472,0.374,0.42,-0.156
1808,2000-09-01,0.456,0.308,0.38,-0.157
1809,2000-10-01,0.32,0.19,0.27,-0.318
1810,2000-11-01,0.337,0.241,0.3,-0.311
1811,2000-12-01,0.32,0.197,0.28,-0.32
1812,2001-01-01,0.461,0.357,0.45,-0.182
1813,2001-02-01,0.435,0.385,0.43,-0.221
1814,2001-03-01,0.559,0.512,0.55,-0.132
1815,2001-04-01,0.547,0.444,0.5,-0.122
1816,2001-05-01,0.561,0.483,0.57,-0.036
1817,2001-06-01,0.56,0.443,0.52,-0.059
1818,2001-07-01,0.598,0.507,0.59,0.006
1819,2001-08-01,0.552,0.499,0.48,-0.07
1820,2001-09-01,0.555,0.489,0.51,-0.062
1821,2001-10-01,0.553,0.461,0.5,-0.136
1822,2001-11-01,0.714,0.686,0.72,0.056
1823,2001-12-01,0.65,0.536,0.55,-0.017
1824,2002-01-01,0.72,0.64,0.77,0.059
1825,2002-02-01,0.67,0.634,0.78,0.006
1826,2002-03-01,0.863,0.787,0.88,0.143
1827,2002-04-01,0.611,0.557,0.58,-0.108
1828,2002-05-01,0.661,0.497,0.64,0.025
1829,2002-06-01,0.614,0.443,0.53,-0.041
1830,2002-07-01,0.648,0.567,0.61,0.038
1831,2002-08-01,0.566,0.496,0.53,-0.047
1832,2002-09-01,0.641,0.499,0.64,-0.04
1833,2002-10-01,0.613,0.497,0.54,-0.05
1834,2002-11-01,0.595,0.488,0.59,-0.056
1835,2002-12-01,0.54,0.341,0.44,-0.118
1836,2003-01-01,0.748,0.651,0.74,0.062
1837,2003-02-01,0.562,0.481,0.58,-0.051
1838,2003-03-01,0.54,0.474,0.6,-0.109
1839,2003-04-01,0.558,0.465,0.55,-0.073
1840,2003-05-01,0.603,0.514,0.6,-0.022
1841,2003-06-01,0.493,0.42,0.47,-0.115
1842,2003-07-01,0.558,0.481,0.58,-0.031
1843,2003-08-01,0.683,0.611,0.64,0.026
1844,2003-09-01,0.701,0.569,0.62,0.044
1845,2003-10-01,0.778,0.653,0.72,0.107
1846,2003-11-01,0.569,0.49,0.52,-0.067
1847,2003-12-01,0.778,0.651,0.74,0.114
1848,2004-01-01,0.609,0.501,0.57,-0.023
1849,2004-02-01,0.705,0.629,0.72,0.03
1850,2004-03-01,0.604,0.518,0.63,-0.027
1851,2004-04-01,0.63,0.516,0.61,-0.05
1852,2004-05-01,0.371,0.347,0.37,-0.202
1853,2004-06-01,0.454,0.308,0.44,-0.175
1854,2004-07-01,0.327,0.236,0.25,-0.227
1855,2004-08-01,0.487,0.459,0.45,-0.113
1856,2004-09-01,0.573,0.461,0.5,-0.074
1857,2004-10-01,0.648,0.517,0.61,-0.006
1858,2004-11-01,0.701,0.646,0.73,0.063
1859,2004-12-01,0.524,0.41,0.5,-0.084
1860,2005-01-01,0.744,0.643,0.75,0.144
1861,2005-02-01,0.65,0.527,0.6,-0.034
1862,2005-03-01,0.745,0.64,0.74,0.053
1863,2005-04-01,0.703,0.626,0.67,0.034
1864,2005-05-01,0.658,0.55,0.63,0.034
1865,2005-06-01,0.706,0.567,0.65,0.053
1866,2005-07-01,0.668,0.553,0.61,0.017
1867,2005-08-01,0.664,0.582,0.6,-0.018
1868,2005-09-01,0.731,0.631,0.71,0.075
1869,2005-10-01,0.847,0.68,0.76,0.1
1870,2005-11-01,0.765,0.636,0.74,0.119
1871,2005-12-01,0.763,0.595,0.67,0.102
1872,2006-01-01,0.606,0.494,0.56,-0.028
1873,2006-02-01,0.775,0.636,0.74,0.095
1874,2006-03-01,0.646,0.531,0.63,-0.032
1875,2006-04-01,0.548,0.476,0.46,-0.098
1876,2006-05-01,0.522,0.464,0.48,-0.05
1877,2006-06-01,0.686,0.57,0.66,0.027
1878,2006-07-01,0.557,0.476,0.54,-0.034
1879,2006-08-01,0.724,0.631,0.71,0.085
1880,2006-09-01,0.643,0.545,0.66,0.039
1881,2006-10-01,0.735,0.609,0.7,0.053
1882,2006-11-01,0.717,0.655,0.73,0.045
1883,2006-12-01,0.837,0.709,0.79,0.165
1884,2007-01-01,0.952,0.889,1.01,0.266
1885,2007-02-01,0.738,0.63,0.7,0.038
1886,2007-03-01,0.664,0.583,0.71,-0.007
1887,2007-04-01,0.816,0.718,0.77,0.131
1888,2007-05-01,0.661,0.572,0.69,0.034
1889,2007-06-01,0.618,0.497,0.61,-0.02
1890,2007-07-01,0.653,0.559,0.6,0.008
1891,2007-08-01,0.583,0.579,0.6,-0.038
1892,2007-09-01,0.534,0.506,0.6,-0.017
1893,2007-10-01,0.661,0.553,0.59,-0.026
1894,2007-11-01,0.582,0.528,0.59,-0.066
1895,2007-12-01,0.511,0.412,0.49,-0.136
1896,2008-01-01,0.262,0.204,0.3,-0.362
1897,2008-02-01,0.318,0.26,0.38,-0.33
1898,2008-03-01,0.642,0.603,0.75,0.023
1899,2008-04-01,0.536,0.441,0.54,-0.132
1900,2008-05-01,0.515,0.428,0.5,-0.085
1901,2008-06-01,0.492,0.377,0.49,-0.128
1902,2008-07-01,0.611,0.531,0.6,0.001
1903,2008-08-01,0.554,0.452,0.45,-0.072
1904,2008-09-01,0.601,0.545,0.6,-0.015
1905,2008-10-01,0.699,0.59,0.67,0.052
1906,2008-11-01,0.677,0.617,0.69,0.065
1907,2008-12-01,0.573,0.462,0.53,-0.014
1908,2009-01-01,0.68,0.58,0.64,0.05
1909,2009-02-01,0.567,0.457,0.53,-0.114
1910,2009-03-01,0.478,0.439,0.53,-0.148
1911,2009-04-01,0.589,0.521,0.61,-0.081
1912,2009-05-01,0.616,0.548,0.65,0.019
1913,2009-06-01,0.704,0.62,0.64,0.08
1914,2009-07-01,0.789,0.676,0.73,0.135
1915,2009-08-01,0.706,0.619,0.69,0.088
1916,2009-09-01,0.707,0.677,0.72,0.138
1917,2009-10-01,0.733,0.617,0.65,0.066
1918,2009-11-01,0.782,0.694,0.8,0.125
1919,2009-12-01,0.751,0.632,0.67,0.089
1920,2010-01-01,0.794,0.706,0.74,0.123
1921,2010-02-01,0.868,0.779,0.84,0.161
1922,2010-03-01,0.874,0.851,0.92,0.207
1923,2010-04-01,0.909,0.819,0.85,0.22
1924,2010-05-01,0.765,0.708,0.75,0.167
1925,2010-06-01,0.705,0.643,0.67,0.092
1926,2010-07-01,0.656,0.611,0.63,0.071
1927,2010-08-01,0.699,0.609,0.67,0.035
1928,2010-09-01,0.659,0.56,0.63,0.03
1929,2010-10-01,0.766,0.639,0.71,0.058
1930,2010-11-01,0.77,0.728,0.81,0.145
1931,2010-12-01,0.55,0.43,0.45,-0.1
1932,2011-01-01,0.556,0.452,0.52,-0.067
1933,2011-02-01,0.534,0.423,0.47,-0.138
1934,2011-03-01,0.632,0.549,0.65,-0.029
1935,2011-04-01,0.661,0.591,0.64,0.022
1936,2011-05-01,0.543,0.438,0.53,-0.052
1937,2011-06-01,0.671,0.541,0.62,0.013
1938,2011-07-01,0.753,0.639,0.7,0.109
1939,2011-08-01,0.741,0.651,0.75,0.086
1940,2011-09-01,0.599,0.536,0.55,0.006
1941,2011-10-01,0.687,0.574,0.65,0.038
1942,2011-11-01,0.569,0.507,0.59,-0.071
1943,2011-12-01,0.584,0.49,0.6,-0.02
1944,2012-01-01,0.439,0.365,0.47,-0.126
1945,2012-02-01,0.497,0.456,0.48,-0.14
1946,2012-03-01,0.474,0.416,0.56,-0.149
1947,2012-04-01,0.699,0.603,0.72,0.068
1948,2012-05-01,0.75,0.652,0.78,0.141
1949,2012-06-01,0.73,0.625,0.64,0.094
1950,2012-07-01,0.584,0.566,0.59,0.037
1951,2012-08-01,0.696,0.645,0.66,0.057
1952,2012-09-01,0.728,0.635,0.72,0.118
1953,2012-10-01,0.864,0.724,0.79,0.152
1954,2012-11-01,0.789,0.716,0.78,0.124
1955,2012-12-01,0.561,0.456,0.52,-0.088
1956,2013-01-01,0.688,0.602,0.71,0.062
1957,2013-02-01,0.593,0.519,0.61,-0.062
1958,2013-03-01,0.61,0.576,0.67,-0.039
1959,2013-04-01,0.583,0.566,0.53,-0.047
1960,2013-05-01,0.62,0.551,0.6,0.058
1961,2013-06-01,0.709,0.656,0.69,0.111
1962,2013-07-01,0.586,0.585,0.6,0.031
1963,2013-08-01,0.691,0.636,0.7,0.073
1964,2013-09-01,0.774,0.719,0.76,0.141
1965,2013-10-01,0.679,0.648,0.69,0.047
1966,2013-11-01,0.817,0.765,0.83,0.171
1967,2013-12-01,0.714,0.6,0.7,0.094
1968,2014-01-01,0.738,0.664,0.76,0.129
1969,2014-02-01,0.552,0.483,0.55,-0.079
1970,2014-03-01,0.707,0.681,0.78,0.121
1971,2014-04-01,0.769,0.73,0.81,0.135
1972,2014-05-01,0.797,0.728,0.86,0.216
1973,2014-06-01,0.682,0.614,0.67,0.115
1974,2014-07-01,0.628,0.581,0.58,0.05
1975,2014-08-01,0.825,0.729,0.83,0.206
1976,2014-09-01,0.837,0.761,0.88,0.198
1977,2014-10-01,0.832,0.738,0.8,0.154
1978,2014-11-01,0.649,0.629,0.67,0.042
1979,2014-12-01,0.776,0.678,0.78,0.194
1980,2015-01-01,0.812,0.732,0.86,0.192
1981,2015-02-01,0.844,0.773,0.91,0.199
1982,2015-03-01,0.842,0.787,0.96,0.239
1983,2015-04-01,0.786,0.684,0.75,0.155
1984,2015-05-01,0.824,0.726,0.8,0.205
1985,2015-06-01,0.837,0.752,0.81,0.243
1986,2015-07-01,0.807,0.71,0.73,0.178
1987,2015-08-01,0.88,0.799,0.79,0.207
1988,2015-09-01,0.89,0.818,0.83,0.29
1989,2015-10-01,1.079,1.014,1.07,0.421
1990,2015-11-01,0.998,0.985,1.06,0.398
1991,2015-12-01,1.155,1.035,1.17,0.488
1992,2016-01-01,1.17,1.079,1.18,0.542
1993,2016-02-01,1.276,1.216,1.36,0.661
1994,2016-03-01,1.246,1.176,1.35,0.632
1995,2016-04-01,1.109,1.023,1.08,0.468
1996,2016-05-01,0.979,0.873,0.95,0.339
1997,2016-06-01,0.871,0.769,0.8,0.229
1998,2016-07-01,0.91,0.761,0.84,0.269
1999,2016-08-01,1.03,0.94,1.01,0.376
2000,2016-09-01,0.925,0.837,0.9,0.326
2001,2016-10-01,0.973,0.812,0.86,0.229
2002,2016-11-01,0.945,0.839,0.91,0.298
2003,2016-12-01,0.934,0.772,0.86,0.287
2004,2017-01-01,1.026,0.947,1.02,0.423
2005,2017-02-01,1.131,1.062,1.13,0.463
2006,2017-03-01,1.154,1.044,1.16,0.434
2007,2017-04-01,0.947,0.835,0.93,0.309
2008,2017-05-01,0.933,0.775,0.91,0.312
2009,2017-06-01,0.772,0.65,0.71,0.179
2010,2017-07-01,0.84,0.793,0.82,0.268
2011,2017-08-01,0.904,0.802,0.87,0.278
2012,2017-09-01,0.805,0.723,0.74,0.256
2013,2017-10-01,0.912,0.804,0.88,0.294
2014,2017-11-01,0.834,0.795,0.87,0.263
2015,2017-12-01,0.912,0.806,0.93,0.362
2016,2018-01-01,0.813,0.707,0.82,0.231
2017,2018-02-01,0.849,0.776,0.84,0.257
2018,2018-03-01,0.843,0.776,0.88,0.217
2019,2018-04-01,0.908,0.811,0.88,0.272
2020,2018-05-01,0.81,0.701,0.81,0.257
2021,2018-06-01,0.813,0.727,0.76,0.207
2022,2018-07-01,0.851,0.724,0.83,0.242
2023,2018-08-01,0.827,0.734,0.78,0.212
2024,2018-09-01,0.79,0.677,0.8,0.206
2025,2018-10-01,0.974,0.858,1.01,0.392
2026,2018-11-01,0.802,0.732,0.83,0.228
2027,2018-12-01,0.926,0.816,0.93,0.35
2028,2019-01-01,0.89,0.813,0.93,0.326
2029,2019-02-01,0.918,0.835,0.95,0.274
2030,2019-03-01,1.125,1.077,1.17,0.49
2031,2019-04-01,1.028,0.925,1.01,0.412
2032,2019-05-01,0.885,0.777,0.86,0.329
2033,2019-06-01,0.881,0.808,0.9,0.327
2034,2019-07-01,0.944,0.851,0.94,0.349
2035,2019-08-01,0.934,0.836,0.95,0.35
2036,2019-09-01,0.871,0.813,0.93,0.344
2037,2019-10-01,1.081,0.954,1.0,0.437
2038,2019-11-01,0.964,0.933,0.99,0.386
2039,2019-12-01,1.105,1.026,1.11,0.543
2040,2020-01-01,1.14,1.058,1.17,0.555
2041,2020-02-01,1.169,1.11,1.24,0.565
2042,2020-03-01,1.099,1.075,1.18,0.458
2043,2020-04-01,1.153,1.05,1.12,0.498
2044,2020-05-01,0.976,0.894,0.99,0.416
2045,2020-06-01,0.935,0.811,0.91,0.349
2046,2020-07-01,0.948,0.822,0.89,0.331
2047,2020-08-01,0.895,0.809,0.86,0.307
2048,2020-09-01,0.956,0.867,0.96,0.385
2049,2020-10-01,0.914,0.799,0.87,0.295
2050,2020-11-01,1.085,1.007,1.08,0.458
2051,2020-12-01,0.828,0.692,0.8,0.224
2052,2021-01-01,0.814,0.707,0.81,0.212
2053,2021-02-01,0.634,0.565,0.64,0.007
2054,2021-03-01,0.779,0.737,0.89,0.217
2055,2021-04-01,0.805,0.757,0.76,0.172
2056,2021-05-01,0.822,0.698,0.79,0.235
2057,2021-06-01,0.832,0.718,0.85,0.251
2058,2021-07-01,0.881,0.791,0.92,0.319
2059,2021-08-01,0.924,0.809,0.81,0.283
2060,2021-09-01,0.945,0.875,0.92,0.328
2061,2021-10-01,1.045,0.928,0.98,0.371
2062,2021-11-01,0.925,0.864,0.92,0.315
2063,2021-12-01,0.856,0.758,0.88,0.286
2064,2022-01-01,0.875,0.782,0.91,0.308
2065,2022-02-01,0.832,0.753,0.89,0.251
2066,2022-03-01,1.0,0.89,1.04,0.4
2067,2022-04-01,0.855,0.767,0.83,0.251
2068,2022-05-01,0.835,0.75,0.84,0.231
2069,2022-06-01,0.979,0.847,0.92,0.335
2070,2022-07-01,0.937,0.778,0.94,0.325
2071,2022-08-01,0.928,0.875,0.94,0.323
2072,2022-09-01,0.913,0.816,0.88,0.268
2073,2022-10-01,1.055,0.951,0.97,0.354
2074,2022-11-01,0.738,0.669,0.73,0.146
2075,2022-12-01,0.895,0.745,0.79,0.231
2076,2023-01-01,0.871,0.783,0.87,0.27
2077,2023-02-01,0.93,0.886,0.97,0.362
2078,2023-03-01,1.188,1.129,1.23,0.554
2079,2023-04-01,1.029,0.925,0.99,0.361
2080,2023-05-01,0.984,0.88,0.94,0.374
2081,2023-06-01,1.159,1.059,1.08,0.476
2082,2023-07-01,1.324,1.161,1.19,0.588
2083,2023-08-01,1.334,1.213,1.19,0.653
2084,2023-09-01,1.477,1.348,1.48,0.8
2085,2023-10-01,1.413,1.327,1.34,0.74
2086,2023-11-01,1.409,1.342,1.4,0.787
2087,2023-12-01,1.396,1.264,1.35,0.757
2088,2024-01-01,1.246,1.146,1.25,0.679
2089,2024-02-01,1.372,1.276,1.43,0.747
2090,2024-03-01,1.275,1.221,1.39,0.637
2091,2024-04-01,1.265,1.207,1.31,0.631
2092,2024-05-01,1.158,1.061,1.16,0.563
2093,2024-06-01,1.232,1.094,1.24,0.588
2094,2024-07-01,1.23,1.13,1.2,0.606
2095,2024-08-01,1.289,1.216,1.3,0.646
2096,2024-09-01,1.286,1.143,1.23,0.619
2097,2024-10-01,1.367,1.201,1.34,0.704
2098,2024-11-01,1.347,1.209,1.29,0.691
2099,2024-12-01,1.289,1.125,1.26,0.659
2100,2025-01-01,1.35,1.253,1.37,0.692
2101,2025-02-01,1.256,1.111,1.27,0.577
2102,2025-03-01,1.272,1.16,1.37,0.645
2103,2025-04-01,1.189,1.09,1.24,0.564
2104,2025-05-01,1.058,0.952,1.07,0.465
2105,2025-06-01,1.042,0.882,1.06,0.359
2106,2025-07-01,1.018,-9999.0,1.02,0.38
2107,2025-08-01,1.127,-9999.0,1.17,0.464
2108,2025-09-01,1.236,-9999.0,1.25,0.531
2109,2025-10-01,1.236,-9999.0,1.19,0.535
2110,2025-11-01,1.21,-9999.0,1.2,0.519
2111,2025-12-01,1.089,-9999.0,1.07,0.449
2112,2026-01-01,1.142,,1.08,0.482
2113,2026-02-01,1.234,,1.24,0.516
2114,2026-03-01,1.215,,1.28,0.637
2115,2026-04-01,-9999.0,,-9999.0,-9999.0
2116,2026-05-01,-9999.0,,-9999.0,-9999.0
2117,2026-06-01,-9999.0,,-9999.0,-9999.0
2118,2026-07-01,-9999.0,,-9999.0,-9999.0
2119,2026-08-01,-9999.0,,-9999.0,-9999.0
2120,2026-09-01,-9999.0,,-9999.0,-9999.0
2121,2026-10-01,-9999.0,,-9999.0,-9999.0
2122,2026-11-01,-9999.0,,-9999.0,-9999.0
2123,2026-12-01,-9999.0,,-9999.0,-9999.0
